category,crawl_date,subcategory,title,mrp,urlh,http_status,pack_size,available_price
Household,20180727,Trash Bags & Liners,Seventh Generation 13 Gallon Extra Strong Flap Tie...,0,1ef0f41ebcee030a35440405f2f8b0165c719c89,200,30 ct,5.99
Household,20180727,Trash Bags & Liners,BioBag Food Scrap Bags Small 3 Gallon - 25 CT - 25...,0,c566570abdbe95b5e6a78eb8b3b2424108bf36a2,200,25 ct,5.49
Household,20180727,Trash Bags & Liners,If You Care Certified Compostable Food Waste Bags ...,0,3b22b28b351dec75664b17fcf586023ddc21704c,200,30.0 ct,5.69
Household,20180727,Trash Bags & Liners,BioBag Food Scrap Bags Tall Kitchen 13 Gallon - 12...,0,7ff787f49e137237054f95e7cb5b0f8611e7f6fb,200,12 ct,5.99
Household,20180727,Trash Bags & Liners,Seventh Generation 13 Gal with Drawstring Closure ...,0,a7ad16e71257855c033aad46eb5082a2153b97c6,200,20 ct,5.99
Household,20180727,Paper Goods,Field Day 100% Recycled Paper Towels - 3 ct,0,7842869e31f564268680d898976fad8dafb135aa,200,3 ct,3.99
Household,20180727,Paper Goods,Seventh Generation 2-Ply 100% Recycled Bathroom Ti...,0,6397ec7c03a550bb4b4f508bc58dbd92adae6d51,200,12 ct,11.99
Household,20180727,Paper Goods,Field Day 100% Recycled Bath Tissue - 12 ct,8.99,1bfe149f2392841ba7a71a6ef7c366cc982a49ca,200,12 ct,7.99
Household,20180727,Paper Goods,Seventh Generation 100% Unbleached Recycled Paper ...,2.99,4dd425297b7e0ce4db883350d2133fb77a6fe533,200,82.5 sq ft,2.69
Household,20180727,Paper Goods,Seventh Generation 2-Ply Right Size 100% Recycled ...,5.29,cc7f63df1d280c4feeb6574c0d4fb1f81732f5fe,200,2 ct,4.89
Household,20180727,Paper Goods,Field Day 100% Recycled Paper Towels Custom Sizes ...,0,f46e0aab5e45ed77fadc6ceff04a4c891e97dd79,200,,1.69
Household,20180727,Paper Goods,Natural Value 100% Recycled Bathroom Tissue - 12 c...,0,5a98a19ab531c749442b5cd91b63199358047874,200,12 ct,10.39
Household,20180727,Paper Goods,Field Day 100% Recycled Facial Tissue - 85 ct,0,1e0975914347b9d67c20bfa3376662ca33dacb8e,200,85 ct,1.49
Household,20180727,Paper Goods,Natural Value Bathroom Tissue 500 Sheets 2 Ply Sin...,0,b47f120a137c8874fddabba6424fb13c210ed177,200,1 ea,0.79
Household,20180727,Paper Goods,Seventh Generation 2-Ply 100% Recycled Bathroom Ti...,0,15f7f30a5fceb733c060c5064ad840cfcfee9f7c,200,4 ct,4.49
Household,20180727,Paper Goods,Seventh Generation 2-Ply 100% Recycled White Facia...,0,5405bef4520ce36da0eac8354c5662cdb0818d2d,200,1 ea,2.89
Household,20180727,Paper Goods,Seventh Generation 2-Ply 100% Recycled White Facia...,0,27aa381cbf21b28ba797dd1650f5cdfdebe4fe0b,200,85 ct,2.79
Household,20180727,Paper Goods,Field Day 100% Recycled Bath Tissue Rolls - 4 ct,0,aef4e33f0eda81017d7e101d1f398db888d53748,200,4 ct,2.69
Household,20180727,Paper Goods,Natural Value 100% Recycled Bathroom Tissue - 4 ct,0,70f28cae91721337c525619496c3b1e5a1840f1d,200,4 ct,3.39
Household,20180727,Paper Goods,Seventh Generation 100% Unbleached Recycled Bathro...,0,98d190967cdb4f576d5203483a78fca5aa05aa3f,200,12 ct,13.29
Household,20180727,Paper Goods,Natural Value 100 % Recycled Paper Towels - 80 ct,0,30fb8ca4ce46db22cd75df749d14a52418cc24ad,200,80 ct,1.59
Household,20180727,Paper Goods,Seventh Generation 1 Ply Unbleached 100% Recycled ...,0,62b7b90182cba67ec90231b8d00d534979b0001a,200,500 ct,7.55
Household,20180727,Paper Goods,Seventh Generation 1-Ply 100% Recycled White Napki...,0,8442fdb99e34e2819fac20574a7fc0f6137d7d58,200,250 ct,4.89
Household,20180727,Paper Goods,Caboo Pocket Facial Tissue - 8 ct,0,d6d00246331060559051afaf580c93487366c643,200,8 ct,2.99
Household,20180727,Paper Goods,Caboo Bathroom Tissue Single Roll 550 Sheet - 1.0 ...,0,6137cee2296498464253349a137ac73a2fc54c73,200,1.0 each,1.79
Household,20180727,Paper Goods,Roger La Borde Small Gift Bag -,0,2817addd6e30287ff2a42a80bf7ab0cc346e4426,200,,4.3
Household,20180727,Paper Goods,The Gift Wrap Company Light Blue Recycled Tissue P...,0,bb21959fc7aa32107c340b44dcaf6e389b7dc63c,200,,2.5
Household,20180727,Paper Goods,The Gift Wrap Company Lime Recycled Tissue Paper -,0,35704070129e9cd60473b1913ddfa4470cea14cf,200,,2.5
Household,20180727,Paper Goods,The Gift Wrap Company Red Recycled Tissue Paper -,0,53012aa218e82649f0e7a46cfd770256c17b4f61,200,,2.5
Household,20180727,Paper Goods,Notes And Queries Stationery -,0,d15d4f6f4dbf36964a9ffad2215592d77226719f,200,,4.5
Household,20180727,Paper Goods,The Gift Wrap Company Little Llamas Gift Wrapping ...,0,881c107a19657125c860194505f7f0891e770de9,200,1 each,4.5
Household,20180727,Laundry,Seventh Generation Natural Blue Eucalyptus & Laven...,14.99,94624d378a459a95125fa37bf892d5f8feca1d47,200,100 oz,13.39
Household,20180727,Laundry,Seventh Generation Natural Free & Clear Laundry De...,14.99,1d2b42416662a03663145456377731da4628799a,200,100 oz,13.39
Household,20180727,Laundry,Seventh Generation Free & Clear Natural Laundry De...,10.19,a15aba941afa6ea992479f6cdf35777bf3e7a274,200,50 oz,9.49
Household,20180727,Laundry,Seventh Generation Free & Clear Chlorine-Free Blea...,0,cceb2e7ddd37d22c8e2463007a0031d2f7635fe1,200,64 oz,5.69
Household,20180727,Laundry,Seventh Generation 4x Ultra Concentrated Free & Cl...,18.39,33667be098689a3a87a929cfe8da86ea177d3bfa,200,50 oz,16.79
Household,20180727,Laundry,Biokleen Oxygen Bleach Plus Detergent32 Loads - 32...,5.99,372d47ffd5fa7f897bf0b6d5b19b6adccfc37a80,200,32 oz,5.59
Household,20180727,Laundry,Biokleen Free & Clear Laundry Liquid Detergent 128...,10.99,7d6f0da926be936f33535fbc74595daacae676af,200,64 oz,8.39
Household,20180727,Laundry,Seventh Generation Natural Lavender & Blue Eucalyp...,0,d0e66e15556482d2581e09f7953509b40d8fe87e,200,80 ct,6.39
Household,20180727,Laundry,ECOS Laundry Detergent Free & Clear - 100 oz,12.99,8b1ea9074312520ea89ac91ae5d237a0bf236380,200,100 oz,11.49
Household,20180727,Laundry,Seventh Generation Ultra Power Plus Fresh Scent 54...,16.69,1c4dbe3d1484d7f70d851d000bfa3b4d636a38a7,200,95 fl oz,15.19
Household,20180727,Laundry,Seventh Generation Free & Clear Natural Fabric Sof...,0,0fc0fdd573bbfd7e3bc8247cdc0ef49ed2fc7625,200,80 ct,6.39
Household,20180727,Laundry,ECOS Laundry Detergent Magnolia & Lily - 100 oz,12.99,6ea599ece9f95ada09a618578b85aef1c94ddbed,200,100 oz,11.49
Household,20180727,Laundry,Biokleen Bac-Out Stain+Odor Remover - 32 oz,0,dbd6ac7a44758e3f9d08c6ded040e44297446287,200,32 oz,7.19
Household,20180727,Laundry,Seventh Generation Natural Free & Clear 42 Loads L...,0,fc6e9271b8818cc3f4e865d8ca141f6bd5126c02,200,32 oz,5.29
Household,20180727,Laundry,Biokleen Sports Laundry Liquid Detergent 128 Loads...,10.99,78f8d6e05b488b2a323ad3a98d8ba04a02f812fa,200,64 oz,8.39
Household,20180727,Laundry,Field Day Hypoallergenic Liquid Laundry Detergent ...,0,f95e843423580fc532e6d9307fe9ed36c711cc06,200,100 fl oz,11.99
Household,20180727,Laundry,Biokleen Laundry Liquid 128 HE Loads Grapefruit Se...,10.99,e560cf25b2c205aa26a6b59ba08a182c0960023e,200,64 oz,8.39
Household,20180727,Laundry,ECOS Laundry Detergent with Built-In Fabric Soften...,12.99,5f81a5bde12ff89ae9315bad3f472f51e58f0e7b,200,100 oz,11.49
Household,20180727,Laundry,Ecover Fabric Softener Morning Fresh - 32.0 fl oz,0,636cb6ed5bef4c68967b7e4ea9506afe3b6ec9d8,200,32.0 fl oz,5.99
Household,20180727,Laundry,Biokleen Citrus Essence Laundry Powder Detergent 1...,17.99,d970f99b2eb89363b229e5371f8246179337c78c,200,10 lb,16.29
Household,20180727,Laundry,Earth Friendly Products Ecos OXO Brite Multi-Purpo...,8.99,262d3bac1d10e041df4aa6bbf08e21328819b54c,200,3.6 lb,7.69
Household,20180727,Laundry,Ecover Stain Remover - 6.8 oz,0,84ff9d97155c6ebd86293384700b8b211c279149,200,6.8 oz,4.69
Household,20180727,Laundry,Seventh Generation Free & Clear Laundry Detergent ...,0,68ac97fd635423bd897aee85c3b92978dbecbfe2,200,31.7 oz,17.69
Household,20180727,Laundry,Field Day Hypoallergenic Free & Clear Liquid Laund...,0,c80a30f6030d51b8e130b58c515c522c1e7cf60f,200,100 fl oz,11.99
Household,20180727,Laundry,Lola Wood Clothespins - 50 ct,0,40ca84e200dd53489de70c2f9591a164e617d2f0,200,50 ct,3.99
Household,20180727,Laundry,"Seventh Generation Laundry Stain Remover, Free & C...",0,e36a05bc43ef028a6b4363f4aeba993ea699687a,200,16 oz,4.99
Household,20180727,Kitchen Supplies,Himala Salt Primordial Himalayan Sea Salt - 6 oz,0,3776eb4804e400fbc38a1291f2caee4cd800c76d,200,6 oz,5.29
Household,20180727,Kitchen Supplies,Norpro Dish Brush -,0,31cc44a023cd66896cf9202863c711d32bc06c3a,200,,4.99
Household,20180727,Kitchen Supplies,If You Care Cheesecloth - 1 each,0,069aa2f34d41b124393d833d50c483ccf991e60d,200,1 each,3.59
Household,20180727,Kitchen Supplies,Ball Wide Mouth Quart Jars - 12 CT - 12 ct,0,79a93553f6d146d9a23513b5a2b78b52cf27650f,200,12 ct,17.49
Household,20180727,Kitchen Supplies,"Norpro 12"" Bamboo Skewers 100 ct - oz",0,35d928ac01b4d078e75ba826f7397eb78cfaded8,200,oz,2.49
Household,20180727,Kitchen Supplies,Norpro Instant Read Thermometer -,0,520d105bee4f14f7d88aa3bbe726c3e5a5724281,200,,6.89
Household,20180727,Kitchen Supplies,Norpro 4 In Stainless Steel Strainer - 4 in,0,bdbf6b0132726c90af935411d78115c67b20aced,200,4 in,5.89
Household,20180727,Kitchen Supplies,Norpro My Favorite Scraper -,0,96304296b9660de7bf426df499e4a6d353dfa746,200,,0.99
Household,20180727,Kitchen Supplies,Norpro Bamboo Spoon - 10 in,0,c17c0edeaea545cb0e525338b1323f307ec8a054,200,10 in,1.89
Household,20180727,Kitchen Supplies,Norpro Stainless Steel Measuring Spoon Set -,0,b9b423493639f3a5c9b4a1df20b467f259f55595,200,,2.59
Household,20180727,Kitchen Supplies,Macrina Bakery Sodo Roll Tray - 9 oz,0,87c0666b6f46273fd25bd4c9c415b94e33c9b74f,200,9 oz,4.19
Household,20180727,Kitchen Supplies,Norpro Stanless Steel Peeler -,0,f5cad25877cdc2a53efc3aed40ff9da333457cd2,200,,1.99
Household,20180727,Kitchen Supplies,PaperChef Culinary Parchment Cooking Bags - 10 CT ...,0,c41271f7f24541d1670bc88ff5cb06eb0667f335,200,10.0 ct,3.69
Household,20180727,Kitchen Supplies,Norpro Natural 100% Cotton Cheesecloth -,0,1773ca83d39b783e4ccc44a71765c5a711e89f3a,200,,4.49
Household,20180727,Kitchen Supplies,Norpro 100% Cotton Twine - 220 ft,0,4611e2b8c02a73d78f95314aa65b0f23e88f903b,200,220 ft,2.99
Household,20180727,Kitchen Supplies,Anchor Glass Measuring Cup - 16 oz,0,3d7902dd3eb2acec46dc9e79e3b89a68b2429c69,200,16 oz,8.39
Household,20180727,Kitchen Supplies,"BlenderBottle Shaker Cup, ProStak, Full Color Asso...",0,8678e4c4152845bd67f1a80eef192050f1edf697,200,,13.99
Household,20180727,Kitchen Supplies,Norpro Mesh Tea Ball - 2 in,0,23f70613297c827501834c4d193b0a495fa5f793,200,2 in,3.75
Household,20180727,Kitchen Supplies,"Rawsome Creations ""More than a Nut Milk Bag"" - 1 c...",0,4ce15bcb3fcc856cd569bf13b9c6a03064e8762b,200,1 ct,13.49
Household,20180727,Kitchen Supplies,Norpro Stainless Steel Measuring Cup Set -,0,adb4360e7d4f23307ccc609783e35fdbff35c86f,200,,11.99
Household,20180727,Kitchen Supplies,Norpro Bamboo Picks -,0,c6ac87673cf7679dfee8b9a70a069437a7632f40,200,,2.99
Household,20180727,Kitchen Supplies,Norpro Anti Freeze Ice Cream Scoop - 1 ct,0,3aea46a751e1f5a58edac3696fd5a8f0f81f10cb,200,1 ct,4.19
Household,20180727,Kitchen Supplies,Klean Kanteen 27 Ounce Shale Black Kanteen Classic...,0,04b22575f1e7ab53b04fdd6bea3646b88ae3c653,200,,19.95
Household,20180727,Kitchen Supplies,Norpro Ultimate Waiter's Corkscrew - 1 ct,0,11a8be6f82df59cda8c468b8b395166b51d46359,200,1 ct,8.39
Household,20180727,Kitchen Supplies,Hydro Flask Insulated Sport Cap -,0,bc95a2021b7988a69e2b4d1a97dfd0943e27f8fb,200,,10.29
Household,20180727,Kitchen Supplies,Norpro Reusable Brew Bags - 4 pk,0,956e04d28b02223dc39beea10a5eca6f18f4cfe8,200,4 pk,3.59
Household,20180727,Kitchen Supplies,Norpro Grip-EZ Pizza Wheel -,0,1fa8c04f0a49f89b07be32f03ddbc34ea9ac93ec,200,,5.99
Household,20180727,Kitchen Supplies,Hydro Flask Arctic White 12 Oz Wide Mouth Bottle -,0,90ab6c5b010b0b74a56f219bb7866978f20c296b,200,,21.95
Household,20180727,Kitchen Supplies,"Down To Earth 10"" Bamboo Skewers -",0,21998c5b26cf519990e41b930ccb4177ebc57983,200,,2.65
Household,20180727,Kitchen Supplies,Dte Spain 16oz. Authentic Recycled Glass - 1 ct,0,6c740df7f0735e0fd5a6a4d8acd492f275cd43d3,200,1 ct,5.79
Household,20180727,Kitchen Supplies,OXO Good Grips Stainless Steel Measuring Spoons -,0,d645d37e47c7e1066967b384d6729f81388ca1c7,200,,9.99
Household,20180727,Kitchen Supplies,Zyliss Large Green Salad Spinner -,0,03ac43403f33cbb23577e6f5e79f1ad7b3d82095,200,,27.99
Household,20180727,Kitchen Supplies,Norpro Red Ceramic Compost Keeper -,0,022615ca31297ec8cdd83ed27bce15fddd8d05ca,200,,27.99
Household,20180727,Kitchen Supplies,Norpro Bamboo Citrus Reamer -,0,16f91af88aa0933549b98b5b5652efba345455bf,200,,6.89
Household,20180727,Kitchen Supplies,Norpro White Ceramic Compost Pail -,0,76cb7d4571b4dbbaa6d14dd107a5945d028b714c,200,,27.99
Household,20180727,Kitchen Supplies,Down to Earth Juice Time 1.5 L Pitcher -,0,f89aba742e8abfb66299c37f0c74f148beb5a49c,200,,15.99
Household,20180727,Kitchen Supplies,Norpro Kleve Utility Knife - 5 in,0,066155b90462974d86738858491ab82faeef87e5,200,5 in,10.99
Household,20180727,Kitchen Supplies,Le Creuset 2 Qt Pitcher Black Onyx -,0,12f0196b8c4ab7e6da45f74214fd6cc13c317869,200,,40
Household,20180727,Kitchen Supplies,"Hydro Flask 18 Oz Wide Mouth With Flat Cap, Green ...",0,25cb399f6cd8c084cc38a8f280505b54ac4a02df,200,,26
Household,20180727,Kitchen Supplies,New Wave Enviro Products Splish Splash Natural Bat...,0,928006b2334ea4fef2be7ce4a3d83fe83fd485e7,200,,27.99
Household,20180727,Kitchen Supplies,DII White Bar Mop Discloth Set Of 3 - 4 ct,0,cee80c27e3933104fe921149b27af15c08bd49f5,200,4 ct,5.19
Household,20180727,Kitchen Supplies,Norpro Frozen Ice Pop Maker -,0,2799942f1290200db5acf7f7a9e56aad22c5f66c,200,,16.99
Household,20180727,Kitchen Supplies,Norpro Apple Wedger - 1 ct,0,bb2bb699396da01980634004406edb27a8cf422c,200,1 ct,9.65
Household,20180727,Kitchen Supplies,Norpro Non Slip Rubber Jar Opener - 1 ct,0,9ca69976618eae43a826eb3b90edb95924ce2244,200,1 ct,1.59
Household,20180727,Kitchen Supplies,Norpro Gripeze Jar Opener -,0,691908d00d62d6b766d305fc56091a0be392adbf,200,,7.39
Household,20180727,Kitchen Supplies,Le Creuset Butter Dish Soleil -,0,38c77cc2bfbae99a279a36f2d6b5b0630c80c8f6,200,,30
Household,20180727,Kitchen Supplies,Laptop Lunches Bento Tote Butterfly Heart -,0,1ff6cdf2d3f75914c367d963dd0d0b3abbe5de92,200,,18.99
Household,20180727,Kitchen Supplies,U Konserve Bottle Sil 20 Oz Eggplant -,0,96e0083af909d6fab507ce83ee7bd0e104455714,200,,14.95
Household,20180727,Kitchen Supplies,U Konserve Bottle Sil 20 Oz Slate -,0,d21838b7cf7558be4449f3fdd99a009e0c1e20f6,200,,14.95
Household,20180727,Kitchen Supplies,U Konserve Ins Jar Orange -,0,fbee6b8914fefd6e927de0c2308298201245c0dc,200,,19.95
Household,20180727,Kitchen Supplies,Lifefactory 12oz. Bottle W/ Flip Cap - 1 ct,0,de772692cdb14a89c277da48b657f45ae411f3a8,200,1 ct,22.99
Household,20180727,Kitchen Supplies,Norpro 12 Inch Red Handle Tongs -,0,0e15ee40668e184f17fbf0be426231f332cc91a4,200,,3.59
Household,20180727,Kitchen Supplies,Norpro Silicone Ice Pop Makers - 4 ct,0,0e775086254bbf70a8079eba7eee92279e286c7c,200,4 ct,11.99
Household,20180727,Kitchen Supplies,Down to Earth Drinkware Luminarc Cooler Clear -,0,30b922ae42efde7f21a47a616ef7636bbc376de8,200,,3.99
Household,20180727,Kitchen Supplies,Klean Kanteen 12oz Kanteen Wide Insulated Stainles...,0,29e0b9234dae959f33529e5a07dfd4130ba31e3d,200,,24.95
Household,20180727,Kitchen Supplies,Klean Kanteen 27oz Kanteen Classic Sport Cap 3.0 G...,0,01b7b58079e8bde48a20fb1ea5c81d7dcbdec322,200,,19.95
Household,20180727,Kitchen Supplies,Klean Kanteen 16oz Kanteen Wide Insulated Stainles...,0,cbcff08a751d43a0666f81463a6cd38497a8217d,200,,27.95
Household,20180727,Kitchen Supplies,"Hydro Flask 18 Oz Wide Mouth Flask With Flat Cap, ...",0,9fd94960cb6d1cf4068b04398b4c03bdc2e183c5,200,,26
Household,20180727,Kitchen Supplies,Design Imports Santorini Scallops Jacquard Dishtow...,0,bc1abf21760c1a7ce87ed01e725b32b438646d96,200,,5.69
Household,20180727,Kitchen Supplies,Cactus Stripe Jacquard Dish Towel -,0,a1dc25b7760c9c1792aa9fed29a6495c754c7ef1,200,,5.69
Household,20180727,Kitchen Supplies,Chickens Swedish Dishcloth -,0,c492a912d5fb229f782f9f6668323447957a7be1,200,,7.59
Household,20180727,Kitchen Supplies,Beachy Keen Striped Dishtowel - 1 each,0,6cffb03de76e6a79c0c51be8e35c811d27800497,200,1 each,4.29
Household,20180727,Kitchen Supplies,Mr Tango Heavyweight Stripe Dishtowel Set - 3 ct,0,1424b12936c5beecc48fae3e05e38031aa97fd55,200,3 ct,15.99
Household,20180727,Kitchen Supplies,Flower Party Printed Dishtowel - 1 each,0,773f6945732dcb021917f4a0af42439c3befb1c7,200,1 each,5.19
Household,20180727,Kitchen Supplies,"DII 12"" X 12"" Bar Mop Cloths 4 Pack - 4 ct",0,42c43431ded5df8e5b292fe1d3dd4ab63db6ab9a,200,4 ct,7.59
Household,20180727,Kitchen Supplies,Boska Taste Collection Mini Cheese Slicer - n/a ea...,0,fec4fc95a521c121ff3a1f21a5f1ac64a2d22a34,200,n/a each,5.99
Household,20180727,Kitchen Supplies,Goodbyn Green Spork - n/a each,0,74de8dc28bdebfa572bde0b9cf035bc663eea35e,200,n/a each,1.99
Household,20180727,Kitchen Supplies,Vessel 12 Ounce Soda Can Tumbler - n/a each,0,7856418fd24430d172cfcee4a99985cd4b7e2bf9,200,n/a each,20.99
Household,20180727,Kitchen Supplies,DII Tango Petite Stripe Dishtowel - 1 each,0,51341aa0cc6a215345d4c3bb83a61a01d6fd67f7,200,1 each,4.25
Household,20180727,Kitchen Supplies,Konitz Tea Collage 12 Ounce Porcelain Snuggle Mug ...,0,9be9e9284b36a5cd815c6255a7474e9035bef320,200,n/a each,9.99
Household,20180727,Kitchen Supplies,Le Creuset of America Cherry Gravy Boat - n/a each,0,b25827b228181b61d3b07fb97b7547f006946db2,200,n/a each,25
Household,20180727,Kitchen Supplies,Boska Mini Cheese Slicer - n/a each,0,d24c8cb7f63fab3f0c9d5a7f8e56b135d4c93c61,200,n/a each,16.99
Household,20180727,Kitchen Supplies,Goodbyn Green Spork - n/a each,0,b337a34cd653c92477421e61795008868f987cb0,200,n/a each,1.99
Household,20180727,Kitchen Supplies,Goodbyn Pink Spork - n/a each,0,ad8e8c5d3b9dc673e1848020b7c4a96ea6a6ea53,200,n/a each,1.99
Household,20180727,Kitchen Supplies,Goodbyn Green Insulated Lunch Sleeve - 1 each,0,52a59dfbcb467aab3a5c9ee5f11d780614425c8f,200,1 each,19.99
Household,20180727,Kitchen Supplies,Konitz Les Peintres Klimt Mug - n/a each,0,8844ac1fd72847fde4df3ea619190679e52c0ddd,200,n/a each,7.99
Household,20180727,Kitchen Supplies,Goodbyn Green Spork - n/a each,0,4bbb5df82b610ee95c7408aa04ffa7fee98ce824,200,n/a each,1.99
Household,20180727,Kitchen Supplies,Norpro Cut N' Slice Flexible Cutting Board - n/a e...,0,198f80ea8caaa546d11130ebfb5413579bba7db4,200,n/a each,2.99
Household,20180727,Kitchen Supplies,Konitz Computer Science Mug - n/a each,0,93f374b0045cd72b565300f73943c1c76382c2ae,200,n/a each,9.99
Household,20180727,Kitchen Supplies,Norpro Sugar & Flour Shaker - n/a each,0,321e25b64303c1327e2435d968780c579c64b17c,200,n/a each,5.79
Household,20180727,Kitchen Supplies,Konitz Gustav Klimt Jungfrau Mug - n/a each,0,a0f1cdcd62252e80f2328993d75235d8d225f9d8,200,n/a each,9.99
Household,20180727,Kitchen Supplies,"Epic Products 45"" Nickel Waiters Corkscrew - n/a e""...",0,2f17c061f1bb8b241b18a7e0669885166aeaae05,200,n/a each,6.25
Household,20180727,Kitchen Supplies,Le Dreuset of America Truffle Loaf Pan - n/a each,0,3a0a3d5d29270766e2b95e76d699ef251a46ea54,200,n/a each,40
Household,20180727,Kitchen Supplies,Konitz Botanical Garden Mug - n/a each,0,d841767bb671939cdde80d652535a45843d33424,200,n/a each,9.99
Household,20180727,Kitchen Supplies,Le Creuset Heritage Loaf Pan - n/a each,0,5f651cf9aa8e07074016069a425537655f372989,200,n/a each,40
Household,20180727,Kitchen Supplies,"Konitz Gustav Klimt, Adele Bloch Bauer, Jungfrau M...",0,7922e9a578fda1fe48264c34465b9318a0a365b8,200,n/a each,9.99
Household,20180727,Kitchen Supplies,Le Creuset Of America Marseille Heritage Stoneware...,0,69969028a133bdbe45221e8cfbfab89be452aa05,200,n/a each,40
Household,20180727,Kitchen Supplies,Konitz I Love You to the Moon & Back Mug - n/a eac...,0,bfe334073418194f0b481daa70d9f7103f926481,200,n/a each,9.99
Household,20180727,Kitchen Supplies,"Norpro 12.5"" Stainless Steel Soup Ladle - n/a each",0,8d27ae169613a443e84c4e8e18a3ee94b72926b5,200,n/a each,15.49
Household,20180727,Kitchen Supplies,Le Creuset of America White Stoneware Gravy Boat -...,0,78400b6e4722bc8ae96f8ff20a99feb27228176f,200,12 oz,25
Household,20180727,Kitchen Supplies,Tango Lattice Jacquard Dishtowel -,0,84ad0f14e04c682d112e4c099b4b8adfc64f4ca2,200,,4.99
Household,20180727,Kitchen Supplies,Daffodil Petite Stripe Dish Towel -,0,c1fe707a7715fc9e30d87fb53de2678e79ae4f42,200,,4.25
Household,20180727,Kitchen Supplies,Blueberry Dobby Plus Dish Towel -,0,c04003dd26dc71faabbbab7287a3250a566c7e68,200,,4.25
Household,20180727,Kitchen Supplies,Daffodil Dobby Plus Dish Towel -,0,036647bfc7512d0296f47e73cfc2fcca284186c1,200,,4.25
Household,20180727,"Plates, Bowls, Cups & Flatware",Natural Value Microwave Safe Paper Cups - 60 x 9 f...,0,4744b24b4877c098112c13fd53fa008ab5c7df7f,200,60 x 9 fl oz,6.59
Household,20180727,"Plates, Bowls, Cups & Flatware",World Centric 9 Inch Plates - 20 ct,0,87ecd473726ffa31459d8d22cd9be3ba416e56f9,200,20 ct,4.49
Household,20180727,"Plates, Bowls, Cups & Flatware",World Centric 11.5oz Bowls - 20 ct,0,a4c224a6d978056bfeca7d8f1263c1d3dd76b1aa,200,20 ct,2.39
Household,20180727,"Plates, Bowls, Cups & Flatware",Natural Value 100% Recycled Paper Plates 9 Inch - ...,0,a4579b59f3f4f84a7b93f26ee90b142ee0c0c588,200,40 ct,3.39
Household,20180727,"Plates, Bowls, Cups & Flatware",World Centric Assorted Plastic Flatware - 24 ct,0,50209e33ab5e23423c7d41a2b832facc1533b1f5,200,24 ct,3.45
Household,20180727,"Plates, Bowls, Cups & Flatware",Diamond G Round Toothpicks - 250 ct,0,6a317d991c0fe6981a276facabc55681ae7ae12a,200,250 ct,1.99
Household,20180727,"Plates, Bowls, Cups & Flatware","Arcoroc 3.5"" Arc Stackable Bowl - 1 ct",0,8af412b45332ddb36683e364012cf7d6fac46bb5,200,1 ct,2.75
Household,20180727,"Plates, Bowls, Cups & Flatware",Amys Paella Bowls - 8.5 oz,0,cc8f7a13ddada15ec2f816872e1b85072020a118,200,8.5 oz,5.49
Household,20180727,"Plates, Bowls, Cups & Flatware",Ekobrew Reusable Filter for Keurig Single Cup Brew...,0,998bea02752edcb88536cc653498b6e90fd2debc,200,1.0 ct,7.99
Household,20180727,"Plates, Bowls, Cups & Flatware",Hydroflask 32oz. Wide Acai Purple -,0,07fae1e656467555afbd48aaf9829b2c67a0b5ee,200,,34
Household,20180727,"Plates, Bowls, Cups & Flatware",Down to Earth Soup Bowl with Storage Lid -,0,3943ee1e97108c5d39f44f00d7d72b695e26eef5,200,,3.69
Household,20180727,"Plates, Bowls, Cups & Flatware",Lifefactory 12 Oz Glass Flip Top Bottle Ocean -,0,a0091b43dc92e19c7c033a956e9bd2944669b52e,200,,19.99
Household,20180727,"Plates, Bowls, Cups & Flatware",Hydro Flask 12 Oz Standard Orange Zest -,0,b0f11504da0a4a915e741b7c98c076d977693e52,200,,22
Household,20180727,"Plates, Bowls, Cups & Flatware",Stackable Bowl 4 3/4 Inch -,0,cf036f392f8dd944cea021b811bc4c8f94f476af,200,,3.49
Household,20180727,"Plates, Bowls, Cups & Flatware","Hydro Flask 18oz Wide Mouth Flip Top Bottle, Red -",0,43d6e176b98721aab10abad2e1783b44eec513bb,200,,26
Household,20180727,"Plates, Bowls, Cups & Flatware",Hydro Flask 18oz Pink Wide-Mouth Flip-Lid Water Bo...,0,1bfa696a4c54bb9499fa289382a49309472e44c1,200,,26
Household,20180727,"Plates, Bowls, Cups & Flatware",Hydro Flask 32 Oz. Wide Orange Zest -,0,7af1394fa588ca7388811d2378e63abd3ce7fefa,200,,34
Household,20180727,"Plates, Bowls, Cups & Flatware",Hydro Flask 32 Oz Classic Stainless Hydroflask -,0,66e540064baaf99e482d6a489d9aa5e14c7c87bd,200,,34
Household,20180727,"Plates, Bowls, Cups & Flatware",Lifefactory 22oz. Bottle W/ Flip Cap - 1 ct,0,1d070d65a146ca4e9ffd6254d06406ad22682f96,200,1 ct,26.99
Household,20180727,"Plates, Bowls, Cups & Flatware",Norpro Wooden Treat Sticks - 100 ct,0,0c5ca137be4cd46ca63a5a28680211ce7d29c261,200,100 ct,4.69
Household,20180727,"Plates, Bowls, Cups & Flatware",Kids Konserve Bamboo Spork in Slate Mesh Pouch -,0,1bab1a7ea2c89b95d1b2caac4c71a3a4e7997fc7,200,,5.5
Household,20180727,"Plates, Bowls, Cups & Flatware",Vessel White Pcc Logo Ceramic Grande Mug -,0,1a85d07abfe2b61254339111f6ba9931864740c0,200,,8.59
Household,20180727,"Plates, Bowls, Cups & Flatware","Lifefactory 11 Oz White Wine Glass, 2 ct -",0,e82afbf523b2f92c07fbd02e9acb3f05ede83ab5,200,,19.99
Household,20180727,"Plates, Bowls, Cups & Flatware",Liberty Bottle Radiant Ember 24oz Water Bottle -,0,607bc0e3c8d80f2cfbf803ec22ae246599ace04b,200,,23
Household,20180727,"Plates, Bowls, Cups & Flatware","Liberty Bottle Meadow Sport Water Bottle, Pure, 24...",0,6a0af9ca81d76411d35651d0f56f016b9984a3d7,200,,23
Household,20180727,"Plates, Bowls, Cups & Flatware","Hydro Flask 24oz Bottle, Everest Blue -",0,9550cf57f509c2a8fa5ec2d561723b67029ec795,200,,30
Household,20180727,"Plates, Bowls, Cups & Flatware",Hydro Flask 24oz Classic Steel Water Bottle -,0,f74837afb1056b56423b7f2576289ffebf31b5fe,200,,30
Household,20180727,"Plates, Bowls, Cups & Flatware",Hydro Flask Green Zen 18oz Water Bottle -,0,e08d9fee00a4ffe8fd5947651b0648615ea86aa8,200,,26
Household,20180727,"Plates, Bowls, Cups & Flatware",Hydro Flask 40 Oz Wide Orange Zest -,0,2470f8e25828a5f7e9b578d86fda0fc8d751a202,200,,37
Household,20180727,"Plates, Bowls, Cups & Flatware",Hydroflask 40 Oz Wide Pinkadelic Pink -,0,bff0e0678be68f07b22abedce29825116deb240a,200,,37
Household,20180727,"Plates, Bowls, Cups & Flatware",Hydroflask 40 Oz Wide Acai Purple -,0,ea11be6328b0ae86a84e5414f58f5ae952141f40,200,,37
Household,20180727,"Plates, Bowls, Cups & Flatware",Hydro Flask 21 Oz Standard Orange Zest -,0,87eeb4d9d447c9c8bf14924e3b29c92908d1cf8c,200,,28
Household,20180727,"Plates, Bowls, Cups & Flatware",Hydro Flask Foliage Green 21 oz Bottle -,0,67d9df3e90081f0829bfc6cf514d034260735888,200,,28
Household,20180727,"Plates, Bowls, Cups & Flatware",Down to Earth 2 Liter Fido Jar -,0,9d65f2abfb58221f2c724b430b94986b190c44dd,200,,7.99
Household,20180727,"Plates, Bowls, Cups & Flatware",Hydro Flask 18 Ounce Wide Mouth Insulated Bottle W...,0,fd8b360bdcd9079c5101b41245ed40d68827fe3d,200,1 ct,29.95
Household,20180727,"Plates, Bowls, Cups & Flatware",Hydro Flask One-Size Black Standard Mouth Flex Cap...,0,594cd024acc69c8c57596a4805325a83cc07375c,200,1 each,9.95
Household,20180727,"Plates, Bowls, Cups & Flatware",Konitz Tea Collage 12 Ounce Porcelain Snuggle Mug ...,0,9be9e9284b36a5cd815c6255a7474e9035bef320,200,n/a each,9.99
Household,20180727,"Plates, Bowls, Cups & Flatware",Konitz Animals Globetrotter Cat Mug - n/a each,0,1f3a1c95eb6402fc6fdafd3f8a92c6bba09b9ca8,200,n/a each,7.99
Household,20180727,"Plates, Bowls, Cups & Flatware",Goodbyn Green Spork - n/a each,0,b337a34cd653c92477421e61795008868f987cb0,200,n/a each,1.99
Household,20180727,"Plates, Bowls, Cups & Flatware",Konitz Les Peintres Klimt Mug - n/a each,0,8844ac1fd72847fde4df3ea619190679e52c0ddd,200,n/a each,7.99
Household,20180727,"Plates, Bowls, Cups & Flatware",Goodbyn Green Spork - n/a each,0,4bbb5df82b610ee95c7408aa04ffa7fee98ce824,200,n/a each,1.99
Household,20180727,"Plates, Bowls, Cups & Flatware",Konitz Gustav Klimt Jungfrau Mug - n/a each,0,a0f1cdcd62252e80f2328993d75235d8d225f9d8,200,n/a each,9.99
Household,20180727,"Plates, Bowls, Cups & Flatware",Global Amici Cabo Double Old-Fashioned Glass - n/a...,0,1babd13ba6337eca24399815e23940197a98aa4b,200,n/a each,10.59
Household,20180727,"Plates, Bowls, Cups & Flatware",Konitz Botanical Garden Mug - n/a each,0,d841767bb671939cdde80d652535a45843d33424,200,n/a each,9.99
Household,20180727,"Plates, Bowls, Cups & Flatware","Konitz Gustav Klimt, Adele Bloch Bauer, Jungfrau M...",0,7922e9a578fda1fe48264c34465b9318a0a365b8,200,n/a each,9.99
Household,20180727,"Plates, Bowls, Cups & Flatware",Konitz Beethoven Facsimile Sheet Music Mug Set - 4...,0,3d1cc1abb16f16e3a35bf47d041f9f35998632fa,200,4 ct,7.99
Household,20180727,"Plates, Bowls, Cups & Flatware",Konitz Italy Cosmopolitan Mug - n/a each,0,679fdadd3070bb11e33e731be5769f989eb9715b,200,n/a each,7.99
Household,20180727,"Plates, Bowls, Cups & Flatware",16 Ounce Plastic Bottle With Lid - 1 each,0,00fa9899926e62911d026921b833f722eb5f922d,200,1 each,1.39
Household,20180727,"Plates, Bowls, Cups & Flatware",64 Ounce Wide Mouth Jar With Lid - 1 each,0,2a90faa850842daa9148800e113b5ba4bc326e6d,200,1 each,3.35
Household,20180727,"Plates, Bowls, Cups & Flatware",2 oz Plastic Bottle With Lid - 1 each,0,8f975f6af465b52fcff8813e48f21243f287a8ed,200,1 each,0.49
Household,20180727,"Plates, Bowls, Cups & Flatware",Boska Mini Oak Cheesy Knife -,0,7682e6cf407eab5eb2b52d4d101d37a3367e3c5f,200,,7.99
Household,20180727,Food Storage,Natural Value Reclosable Sandwich Bags - 50 ct,0,1b38a3141e59b6d31c6c77aa034e98d690797130,200,50 ct,1.95
Household,20180727,Food Storage,BioBag Resealable Bags Sandwich - 25.0 ct,0,db11843193e83c71a1e6cac9c5d84688385faf24,200,25.0 ct,4.65
Household,20180727,Food Storage,If You Care Certified Compostable Food Waste Bags ...,0,3b22b28b351dec75664b17fcf586023ddc21704c,200,30.0 ct,5.69
Household,20180727,Food Storage,Natural Value Clear Plastic Wrap - 100 ft,0,5c6c64a883059a5cb0b615a7848ed7e6263a15a9,200,100 ft,1.79
Household,20180727,Food Storage,If You Care 100% Recycled Heavy Duty Aluminum Foil...,5.39,10f245cb7c712691a1ff1c06920681ad01b55d2c,200,30.0 sq ft,4.89
Household,20180727,Food Storage,If You Care Paper Snack & Sandwich Bags - 48 CT - ...,0,504f41ccba81f7f1dbb71bf0bf70eebcb6fc6aba,200,48 ct,4.99
Household,20180727,Food Storage,"Natural Value Storage Bags, Reclosable, Quart Size...",0,2cf0e32d767ad3da2e9152388a0d41abd8e42c73,200,25.00 ea,2.65
Household,20180727,Food Storage,BioBag Resealable Bags Food Storage - 20.0 ct,0,78519445e581cbbb5328b5403c95e1aec1418857,200,20.0 ct,4.29
Household,20180727,Food Storage,Ball Wide Mouth Jar - 16 oz,0,6e73d08883547fdf3027594ff5abb03cdf9070cc,200,16 oz,1.25
Household,20180727,Food Storage,Ball Wide Mouth Jar - 32 oz,0,b3bf97d294c4e4e2855372af5dff3b6d6f3eac7b,200,32 oz,1.35
Household,20180727,Food Storage,Bulk 4-ounce Glass Spice Jar With Lid - 1 each,0,35c146f672c7297953a4da6556db4a9223b0990f,200,1 each,1.25
Household,20180727,Food Storage,Bulk 64 Ounce Wide Mouth Jar With Lid - 1 each,0,352e96d2a21826777c4bd05d6b4ed2d623d15333,200,1 each,3.39
Household,20180727,Food Storage,Bulk 32 oz. Clear Glass Jar With White Metal Lid -...,0,12aa1bca585b42dc7b6cd66f0959bb0a3da3c5b4,200,32 oz,2.39
Household,20180727,Food Storage,1 Gallon Wide Mouth Jar With Lid - 1 each,0,db06be6eee25bf00e6c0d269f12e6a4ad340f693,200,1 each,4.75
Household,20180727,Food Storage,Norpro Bowl Covers -,0,68a1f5146321577e89dcc72a8a43c3ba25059643,200,,2.19
Household,20180727,Food Storage,If You Care Loaf Paper Baking Pan - 4 ct,0,a09ff6ccbf4635fb23bce090e57eba64cdd56b35,200,4 ct,5.49
Household,20180727,Food Storage,Lifefactory Spring Green Color Straw Cap 16-Oz Gla...,0,26b38fd9c966272eff4191f456abc3e0d7b30247,200,,24.99
Household,20180727,Food Storage,New Wave Enviro Eastar BPA Free 2.2 Liter Reusable...,0,72f14609501b1a48f20da09b5a9e7f3f77e99b79,200,2.2 l,8.19
Household,20180727,Food Storage,"Klean Kanteen Cap, Black, Wide Loop - 1 ea",0,24b339f5b23a67c2f539f759b3592ee61669216b,200,1 ea,5.99
Household,20180727,Food Storage,Down to Earth Mini Storage Dish W/Lid -,0,0b6b1e6bdec463dd836ffeee521a9833849d483b,200,,6.39
Household,20180727,Food Storage,Full Circle Zip Tuck Reusable Snack Bags - 2 ct,0,214226a99a3120b9245ec950f36ed6ee55d2d858,200,2 ct,6.99
Household,20180727,Food Storage,Klean Kanteen Steel Color Straws With Cleaner for ...,0,8d43ef6f3bc2312b2c883a31be8ec4183ff47521,200,4 ct,8.99
Household,20180727,Food Storage,Le Creuset Butter Dish Red -,0,199a454f7f7b6ce240fbc9cbc7a0e16f769bea77,200,,30
Household,20180727,Food Storage,Laptop Lunches Garden Bento Tote -,0,8d3d89c7bc3d8c875678a94f225142c5d16302a5,200,,18.99
Household,20180727,Food Storage,Kids Konserve Ocean Gecko 20oz Bottle -,0,4ef6885f0725e02ee8011199211eddbe1ba490b1,200,,18
Household,20180727,Food Storage,Kids Konserve Container Food Round Large Green 16 ...,0,fd9324d5778166e8dedb1854e32c0a24e97d3854,200,,8.95
Household,20180727,Food Storage,Hydro Flask Hydro Flip Bottle Cap Limeade -,0,897b10efbe10b03440faa3c63922a5f52671c5ba,200,,4.99
Household,20180727,Food Storage,Klean Kanteen Kanteen Classic 18 Oz W Sport Cap 3....,0,e465d381c27e8c5894a7164a0d8a25bc96bc36ec,200,,18.95
Household,20180727,Food Storage,Klean Kanteen Kanteen Classic 27 Oz W Sport Cap 3....,0,4f99ebf5de453086fb1a2c50f77095cd556342b5,200,,19.95
Household,20180727,Food Storage,Klean Kanteen Kanteen Wide Insulated With Stainles...,0,0597979ef30dda9cbea6f9215fb69c8505e553a8,200,,29.95
Household,20180727,Food Storage,Klean Kanteen Orange Classic Stainless Steel Water...,0,23371c198cb5fcba525fdd592e4b1046bceb459c,200,27 oz,19.95
Household,20180727,Food Storage,Klean Kanteen 16 oz Vacuum Insulated Water Bottle ...,0,98515d97c6ee48ec7a945d4093c334e8fef6bba7,200,1 ct,27.95
Household,20180727,Food Storage,Hydroflask 12 Oz Tahoe Blue Food Flask -,0,7c2fb7bb708d00c67de24cd387026db09c50768e,200,,24
Household,20180727,Food Storage,Hydroflask 18 Oz Wide Mouth Lychee Red -,0,2444e5b236248be78688aca0bdd17a8e0ed6548f,200,,26
Household,20180727,Food Storage,Hydro Flask 18 oz Everest Blue Water Bottle -,0,84833385255ad967edc9358b3065968b358242a6,200,,26
Household,20180727,Food Storage,"Hydro Flask 24 Oz Narrow Mouth Hydro Flask, Green ...",0,b3b4d62b609ab2b23bf5f498659402bdeeee96b9,200,,30
Household,20180727,Food Storage,Hydro Flask 21 Oz. Lychee Red Standard Mouth -,0,7284f21e1c6ec230d9f610cabc237b7a823decf5,200,,28
Household,20180727,Food Storage,Hydro Flask 21 Oz Everest Blue -,0,53b7c41da6e825f1899135eb19841f0c8426ea57,200,,28
Household,20180727,Food Storage,Hydroflask 21 Oz. Green Zen Standard Mouth - 21 oz,0,85fe6a03a81caeab5fc444a58af7f3858c9c749a,200,21 oz,28
Household,20180727,Food Storage,"Hydro Flask 64 Oz Wide Mouth Hydro Flask, Copper B...",0,eb5fe1b0429e50dc039eccadc3ed31aeb0b0d32c,200,,55
Household,20180727,Food Storage,Hydro Flask Perfect Purple Cap -,0,b74d0b1bc8cd8d6fcc5944b61ea833d1587d362d,200,,4.99
Household,20180727,Food Storage,Hydro Flask Banana Yellow Wide Mouth Hydro Flip Li...,0,fee14eeecb8a72e2bd99282f1eefce37c9fc0500,200,,4.99
Household,20180727,Food Storage,2 oz Plastic Bottle With Lid - 1 each,0,565f0814080cfe648aab7e81ea1ab76e8c0ace0f,200,1 each,0.49
Household,20180727,Food Storage,Hydroflask 12 Oz. Green Zen Standard Mouth - 12 oz,0,e9dc6872d6db90bd85a25ab89d692de11d029961,200,12 oz,22
Household,20180727,Food Storage,Down to Earth 6in Square Storage Dish W/Lid -,0,46658ec3e12b975612e8a68580177c37c9def4a7,200,,7.89
Household,20180727,Food Storage,U Konserve Insulated Food Jar -,0,61f5d756c87df8ab3d6c068b16ed516b152a2580,200,,19.95
Household,20180727,Food Storage,Sprout Ease Bima EZ Econo Sprout Lids -,0,07dc9f2b74c21e5232f6c67e1d7112e14832675b,200,,4.39
Household,20180727,Food Storage,"U Konserve Round Food Storage Container, Pink & St...",0,0abe75b8ff618633029e7110b4e84a7d89aa82f4,200,16 oz,8.95
Household,20180727,Food Storage,Goodbyn Insulated Lnch Sleeve Blue -,0,b029848535a335c4967f18286b9992cd3f771a27,200,,19.99
Household,20180727,Food Storage,Laptop Lunches Bento Tote Extreme Sports -,0,b76cd19701318aa03d723bd652cd40b63d78f6fa,200,,18.99
Household,20180727,Food Storage,Laptop Lunches Bento Tote Navy And Red -,0,714887f473b886e121b547242c9b9ab8389d02a9,200,,18.99
Household,20180727,Food Storage,Laptop Lunches Dual Tote Kids Shark Frenzy -,0,95628121c840cc0325d43c4f111be1da91980d2a,200,,19.99
Household,20180727,Food Storage,Laptop Lunches Kid's Dual Tote Candy Stripes -,0,c34009c206d271a19d85fb87a4e14c53816144d1,200,,19.99
Household,20180727,Food Storage,Ilids Regular Jet Black Storage Lid -,0,e690328596e4f897a77f58c74faee943e326c44f,200,,6.99
Household,20180727,Food Storage,U Konserve Small Pink Food Kozy Snack Bag -,0,b3bf2194f9806a3dc1d22873ba49ae7d6f32563e,200,,3.95
Household,20180727,Food Storage,U Konserve Smal Orange Food Kozy Snack Bag -,0,bdc362505f00ee44ab195895c36fadeec585b920,200,,3.95
Household,20180727,Food Storage,Hydro Flask 40 Oz Classic Stainless Hydroflask -,0,a8121b7de471f913f2436919aa2d2b163f1514a8,200,,37
Household,20180727,Food Storage,"Custom Pure 1 Gallon Glass Bottle, 128 oz -",0,3e6f49dba6e3f200380cd47b74cebdd7028c59a4,200,,8.49
Household,20180727,Food Storage,Plastic Bottle With Lid - 32 oz,0,605a5242621cbb7429f4e9901adaf0f7d2a6e7f5,200,32 oz,1.75
Household,20180727,Food Storage,Lifefactory 16 oz Glass Bottle with Straw-Coral -,0,8ffd88b4e8c39c97c39fe174803b4e6c9e5dfb51,200,,24.99
Household,20180727,Food Storage,Norpro Stainless Steel Bag Clips - 2 ct,0,4999a1bc2428f10b428d0eaa9c4dbd8e27949e54,200,2 ct,6.19
Household,20180727,Food Storage,16 Ounce Plastic Bottle With Lid - 1 each,0,31aa15f6e6f09a13083f47a131ea516f40e7b66f,200,1 each,1.39
Household,20180727,Food Storage,Uncle Harry's Amber Bottle With Drop Cap - 2 oz,0,d2fd97efdbfe0ceeccc2d51854c81c9b7380e9f7,200,2 oz,3.29
Household,20180727,Food Storage,PCC Illustrated Tote -,0,50b959dbc72a49576e11900addf4ea51ecfb5b2b,200,,1.35
Household,20180727,Food Storage,Produce Green Bag Variety Pack - 10 ct,0,5aec5eef9c0f5540679d5ad6e97c7839fe99cef0,200,10 ct,15.99
Household,20180727,Food Storage,Kids Konserve Uk Wrap Large 2 Pk Clear -,0,a941a556989d32a2db2199789dfb77e2b7a4658b,200,,8.5
Household,20180727,Food Storage,Hydro Flask 24oz Black Butte Water Bottle -,0,2a1570188341230955d046ef07ff7a7489178df3,200,,30
Household,20180727,Food Storage,Blue Q Handy Yum Sandwich Tote -,0,b00db736085953ba781813049e7dcf92a7c2cab1,200,,10.99
Household,20180727,Food Storage,"Hydro Flask 64 Oz Wide Mouth Hydro Flask, Classic ...",0,7f91f650513062483171f3a0097c8f4874ab8ee0,200,,55
Household,20180727,Food Storage,Klean Kanteen Kanteen Wide Insulated 16 Oz W Stain...,0,3bd2dfbb3a45a4cf452725215ad78ee1e075ddf2,200,,27.95
Household,20180727,Food Storage,"Hydro Flask 40 Oz Wide Mouth Hydro Flask, Everest ...",0,707eb40c2da4c237c8f39d7bbcf2a16442dbaf25,200,,37
Household,20180727,Food Storage,Klean Kanteen Kanteen Wide Insulated With Stainles...,0,fa2d62dcc9e1e8a14d09f28bece0bd83f54a8ef4,200,,29.95
Household,20180727,Food Storage,Klean Kanteen Kid's Yellow Sunshine Stainless Stee...,0,cfb9d0693994341de249ce6243b8a50403f27d37,200,12 oz,16.95
Household,20180727,Food Storage,"Hydro Flask 40 Oz Wide Mouth Hydro Flask, Artic Wh...",0,301bb46b35a5140f0cac2d576e47e3dfe982d3f6,200,,37
Household,20180727,Food Storage,Hydro Flask 24 oz Narrow Mouth Insulated Bottle -,0,7af68757e53ee4bc21f4ee4f81efec9e88b8097e,200,,30
Household,20180727,Food Storage,Hydroflask 18 Oz. Orange Zest Narrow Mouth -,0,64b19d83ce97930401611964640db0c4bb6ace88,200,,26
Household,20180727,Food Storage,Hydroflask 17 Oz Tahoe Blue Food Flask - 17 oz,0,f7f140dc52f568ea03a58cd198ff2822b9695553,200,17 oz,28
Household,20180727,Food Storage,Klean Kanteen 18oz Golden Poppy Classic Sport Cap ...,0,60dc22b709b376a76db9674f6a504691e9650036,200,n/a each,18.95
Household,20180727,Food Storage,Hydro Flask 18 Oz Wide W Flat Cap Orange Zest -,0,2d1b89f25bdb8e3f509c9d11bdbcbab4359b4d9a,200,,26
Household,20180727,Food Storage,Hydroflask 18 Oz Wide Arctic White With Hydro Flip...,0,53230d6d0850a9783b2756b5f693b17054e19304,200,,26
Household,20180727,Food Storage,Klean Kanteen Night Sky Widemouth Insulated Loop C...,0,cd0ebd27618ec100801ff401a43048a2b9dda318,200,12 oz,24.95
Household,20180727,Food Storage,Down to Earth Storage Dishes with Blue Lids - 3 ct,0,af764eadca4b497155a1f053c7754a89a270d8d3,200,3 ct,22.69
Household,20180727,Food Storage,Hydro Flask 18-Ounce Olive Standard Mouth Bottle W...,0,4cc1cb1482d4cea0f873e9fa0203a4fa06935e58,200,,29.95
Household,20180727,Food Storage,Hydro Flask 32 oz Insulated Stainless Steel Wide M...,0,baf92432801c2dc78f52621bd3e664c31ca4cc4b,200,,44.95
Household,20180727,Food Storage,Full Circle Zip Tuck Chevron Reusable Sandwich Bag...,0,ebbefb178e6a3b91f38dbb1a2e8bbbe1c6479165,200,2 ct,7.99
Household,20180727,Food Storage,Full Circle ZipTuck Snack Size Chevron Reusable Ba...,0,c6065f5f613e08ea1e807f7b48fdfc0710b4104c,200,2 ct,6.99
Household,20180727,Food Storage,Love Bottle Glass Bottle Honey - 16.9 oz,24.99,6dff25b3e9673f98e3a34fe25207f9b905169298,200,16.9 oz,12.59
Household,20180727,Food Storage,Love Bottle 500 Ml Summer Breeze Glass Water Bottl...,24.99,9d45276a1312720b54ad2451d15cb3de66800f80,200,500 ml,12.59
Household,20180727,Food Storage,Love Bottles 500 Ml Believe Glass Water Bottle -,24.99,df9627937f55e73282704d314974606cee5831ce,200,,12.59
Household,20180727,Food Storage,Bee's Wrap Single Baguette Wrap -,0,0f87f31c3cd8ad91e24aa152dc318e0729c05793,200,,15
Household,20180727,Food Storage,Bee's Wrap Sustainable Sandwich Wrap W/ Tie -,0,e8ae365d913423328d33e8a71f40ef629a587a6f,200,,10
Household,20180727,Food Storage,Goodbyn Blue Hero Lunchbox - 1 each,0,51b5c4d27247284732adf3feef25315bb0b7a228,200,1 each,12.99
Household,20180727,Food Storage,Liberty Bottleworks 24 Ounce Lime Water Bottle - n...,0,2dc4d3d81c816e47550c3fddb78f5b293691aaa4,200,n/a each,23
Household,20180727,Food Storage,Vessel 18 Ounce Glass Bottle - n/a each,0,220de982bdd1b27fa2084708dd8109c6b36ec974,200,n/a each,16.49
Household,20180727,Food Storage,Liberty Bottleworks Shiraz 32 Ounce Water Bottle -...,0,a4102add74b07a361d1a52dc6fa47e0fb68f763c,200,n/a each,25
Household,20180727,Food Storage,Liberty Bottleworks Patriot 24 Ounce Part of the T...,0,9ef243118f3a026f67fb15e5da504568f8ffa9a3,200,n/a each,23
Household,20180727,Food Storage,Liberty Bottleworks Carlos 32 Ounce Artisan Water ...,0,455aa077c9f86d27dea8b2beea6c47e87b1e2672,200,n/a each,25
Household,20180727,Food Storage,Liberty Bottleworks Artisan Taiga Aluminum Water B...,0,00dfe9c4949d1ed38415dbe73e95df157365febd,200,n/a each,25
Household,20180727,Food Storage,Liberty Bottleworks Kid's Wings Water Bottle - n/a...,0,e5b789ff0998e0202b2fd7e592c1fe5c01c114db,200,n/a each,20
Household,20180727,Food Storage,Goodbyn Red Insulated Lunch Sleeve - n/a each,0,efdcfa37a8032acb3ac8ae031793c1f449b0f59b,200,n/a each,19.99
Household,20180727,Food Storage,U Konserve 20 Ounce Neon Pink Glass Bottle - n/a e...,0,ecdba95a55a5d01554b15b4dff5c031055f451d2,200,n/a each,14.95
Household,20180727,Food Storage,Goodbyn Green Insulated Lunch Sleeve - 1 each,0,52a59dfbcb467aab3a5c9ee5f11d780614425c8f,200,1 each,19.99
Household,20180727,Food Storage,GetStorganized Klokentainer - 520 ml,0,aaadbff6e7c1a9732fb6563c5e2383dec4fe2075,200,520 ml,9.49
Household,20180727,Food Storage,Ball 16-Ounce Wide Mouth Jar - 1 each,0,304d49bfb253ea0ade66d58c0011b6c73137e741,200,1 each,1.25
Household,20180727,Food Storage,32 oz. Clear Glass Jar With White Metal Lid - 32 o...,0,ea26861e0060fbfc3e4c08984d91b3f68a116f79,200,32 oz,2.39
Household,20180727,Food Storage,32 Ounce Plastic Bottle With Lid - 1 each,0,1c35b9515ea39a4ca672627c64c9f310a3eee0ee,200,1 each,1.79
Household,20180727,Food Storage,4-ounce Glass Spice Jar With Lid - 1 each,0,23c3d9bbe666ff7b748656cfe168d41f27307ad8,200,1 each,1.25
Household,20180727,Food Storage,Ball 32-ounce Wide Mouth Jar - 1 each,0,3320d7a55415ea950de803ac3ee17d2aa51ac643,200,1 each,1.39
Household,20180727,Food Storage,8-ounce Plastic Bottle With Lid - 1 each,0,971eeb463ed299dfe96c1f3475ba8cdb9cc75b72,200,1 each,0.85
Household,20180727,Food Storage,GetStorganized Plastic KlokenTainer - 760 ml,0,ea615f4d844c777272f3170a32bce25650e33808,200,760 ml,11.39
Household,20180727,Food Storage,"Dabbawalla Washable Kitchen Cold Blue, Black, Oran...",0,aaf26c73bec7673ea05902aaeb5134de5cf78c65,200,n/a each,30
Household,20180727,Dish Detergents,Seventh Generation Natural Free & Clear Dish Liqui...,0,ce0b807fd7c3c35e29e97fe79fda7c24bbf3bf04,200,25 oz,4.19
Household,20180727,Dish Detergents,Seventh Generation Free & Clear Dishwasher Deterge...,0,8ea97c8811cda3b6aa1a88c9cd0f5cfd443062a2,200,20 ct,6.19
Household,20180727,Dish Detergents,Seventh Generation Free & Clear Dishwasher Deterge...,0,bd10783d2e2a520e74fc2f9793d97dab943607e4,200,45 oz,5.99
Household,20180727,Dish Detergents,Seventh Generation Natural Clementine Zest & Lemon...,0,a80e01a2c75e2bd155ca376131ef5197316350d7,200,25 oz,4.19
Household,20180727,Dish Detergents,Seventh Generation Natural Lavender Floral & Mint ...,0,81b38311d32edf6a368aaa91dc48c357c4b9adaf,200,25 fl oz,4.19
Household,20180727,Dish Detergents,Ecover Automatic Dishwasher Tablets Citrus - 25 CT...,0,368516a10f5be3e18268d33d7c495ef64f9d86b8,200,17.6 oz,7.49
Household,20180727,Dish Detergents,Seventh Generation Ultra Power Plus Fresh Citrus S...,0,a191c6975c96fb5c6430769cdd748d955b4fdd97,200,18 ct,7.39
Household,20180727,Dish Detergents,Ecover Dishwasher Rinse Aid - 16.0 fl oz,0,3b241438bdf80788c1416878158a3aac8b3326c6,200,16.0 fl oz,6.99
Household,20180727,Dish Detergents,Field Day Dishwashing Detergent Powder - 45 oz,0,d6630a50ac7120333ed84156f2d3c8006ee001f5,200,45 oz,4.69
Household,20180727,Dish Detergents,ECOS Dishmate Dish Liquid Free & Clear - 25 oz,0,a88328fbd93d92804fb212bfec90c3351430e692,200,25 oz,3.59
Household,20180727,Dish Detergents,Biokleen Free & Clear Dish Liquid - 25 oz,0,f4ab651e427a7316b8718bf7a147236e8366430d,200,25 oz,3.79
Household,20180727,Dish Detergents,ECOS Wave Dishwasher Gel Free & Clear - 40.0 fl oz,0,f491a1b16bc879f6001a8ed0a5c2c11009b559a5,200,40.0 fl oz,4.59
Household,20180727,Dish Detergents,ECOS Dishmate DIsh Liquid Lavender - 25 oz,0,bde56f92de31ef0db2cc6d7bbed83a918a059a0c,200,25 oz,3.59
Household,20180727,Dish Detergents,ECOS Dishmate Dish Liquid Pear - 25 fl oz,0,f4c2ca3936e191329f2958513114fde700885634,200,25 fl oz,3.59
Household,20180727,Dish Detergents,Field Day Free & Clear Liquid Dish Soap Detergent ...,0,25c27e5af2ddcad45df4454fa8c5b77965a99a75,200,25 fl oz,3.29
Household,20180727,Dish Detergents,Field Day Fragrance Free Dish Detergent Single Pac...,0,8aa34fa5e1347565a8fcea032855084b1481debd,200,20 ct,3.99
Household,20180727,Dish Detergents,Ecover Citrus Scent Automatic Dishwasher Powder - ...,0,f4de9138d7459b3309a00923041befc9162848cf,200,48 oz,6.19
Household,20180727,Dish Detergents,Biokleen Lemon-Thyme Natural Dish Liquid - 25 oz,0,ea7520d38a8feeaa0f92ad914d0a717eebefeaf8,200,25 oz,3.79
Household,20180727,Dish Detergents,Ecover Zero Dish Soap Fragrance Free - 25 oz,0,c601c70bd33908be350691e547abe540b31f695c,200,25 oz,4.19
Household,20180727,Dish Detergents,Biokleen Citrus Essence Automatic Dish Soap Powder...,0,0fc719a08ea960295e858c0078115f37430b5fd2,200,2 lb,9.89
Household,20180727,Dish Detergents,Seventh Generation Fresh Scent Natural Dish Liquid...,0,171a54cddfc2d7456612d037004a98ad69f81c2a,200,22 fl oz,4.19
Household,20180727,Dish Detergents,Citrasolv Homesolv Valencia Orange Natural Dishwas...,6.19,53f0a2af29ea74f896ac26cb14d3a8229994976c,200,45 oz,5.39
Household,20180727,Dish Detergents,Ecover Dish Soap Lime Zest - 25 oz,0,2008db291ddd68b230d5148f816432b95cff91f3,200,25 oz,4.19
Household,20180727,Dish Detergents,Field Day Hypoallergenic Lavender Liquid Dish Dete...,0,dd53208503c18793e3c920bd8816bdd1e10c7b3d,200,25 fl oz,3.29
Household,20180727,Dish Detergents,Full Circle Replacement Dish Brush Heads - 2 ct,0,1ba2cbfe9878a2f00da49c9a0d8a6ac46721a058,200,2 ct,4.49
Household,20180727,Cleaning Products,Seventh Generation Lemongrass Citrus Scent Disinfe...,0,c397dbf4d84411e05b0e1f440fa40bb11d4f575a,200,70 ct,6.89
Household,20180727,Cleaning Products,Seventh Generation Disinfecting Lemongrass Citrus ...,0,a5fd6d39967556fe3d080b35cd654d3c9e9a00e1,200,26 fl oz,3.99
Household,20180727,Cleaning Products,Seventh Generation Natural Emerald Cypress & Fir T...,0,1e053458065596700d13106a91f2ff82f0451b95,200,32 fl oz,4.19
Household,20180727,Cleaning Products,Bon Ami All Natural Powder Cleanser - 12 x 14 oz,0,e4fc51178783e925d10f1654af2942f16b7ec338,200,12 x 14 oz,1.29
Household,20180727,Cleaning Products,Seventh Generation Free & Clear Dishwasher Deterge...,0,9678871fd164d0713783bd19b8ad97c5275c1507,200,42 oz,5.99
Household,20180727,Cleaning Products,Twist Scrub Sponge - 1 ea,0,0b78eee6f9b1908ad333ed20008392f846ef702d,200,1 ea,1.49
Household,20180727,Cleaning Products,Seventh Generation Natural Free & Clear All-Purpos...,0,885f32f655c33c80f41a6d21569bb0909ba9725b,200,32 oz,4.19
Household,20180727,Cleaning Products,ECOS Dishmate Dish Liquid Grapefruit - 25 oz,0,93152fda98db917f6ac69669c9b44cab34eade56,200,25 oz,3.59
Household,20180727,Cleaning Products,Twist Naked Sponges - 2 CT - 2.0 ct,0,fce88a2b9a94186c492544247f928973c83c0360,200,2.0 ct,2.29
Household,20180727,Cleaning Products,If You Care Large Household Gloves - 2 ct,0,2c872c64eed932f919ef656090dd7fb65139b4ff,200,2 ct,4.49
Household,20180727,Cleaning Products,Biokleen All Purpose Cleaner Spray & Wipe - 32 oz,0,e674c0424ce11476788ddfea6b9ced57c1585308,200,32 oz,5.29
Household,20180727,Cleaning Products,Seventh Generation Disinfecting Lemongrass Citrus ...,0,aa45b53fe936be658829f289061a31a3a46cbd40,200,26 fl oz,3.99
Household,20180727,Cleaning Products,Natural Value Dual Surface Cellulose Sponges - 4 C...,0,d7aae55f2b2145c97dbb388761923e52560a7eff,200,4.0 ct,1.99
Household,20180727,Cleaning Products,Dr. Bronner's Sal Suds - 32.00 oz,0,0afa7fb96f55d2054e63d6bb0ed0a49de0d9f18b,200,32.00 oz,10.99
Household,20180727,Cleaning Products,Twist Scrub Sponge - 3 CT - 3.0 ct,0,bf8c7fc12e98d8b77f3c6ba1aff0a7f498bb5c0a,200,3.0 ct,3.39
Household,20180727,Cleaning Products,Seventh Generation Free & Clear Natural Glass & Su...,0,fa2b27acb509b25cdef0e8adfe2c8ce4011886d1,200,32 fl oz,3.99
Household,20180727,Cleaning Products,ECOS Dishmate Dish Liquid Pear - 25 fl oz,0,f4c2ca3936e191329f2958513114fde700885634,200,25 fl oz,3.59
Household,20180727,Cleaning Products,Citra Drain Valenica Orange Eznzyme Drain Maintain...,6.29,7f530b23a5b7ea840b43db9175179cafffb1058d,200,22 fl oz,5.49
Household,20180727,Cleaning Products,Earth Friendly Products ECOS All-Purpose Cleaner O...,0,d712275b2f40be0817ceb8045032f3b11a0d1403,200,22 fl oz,3.29
Household,20180727,Cleaning Products,Full Circle Reach Bottle Brush -,0,73c19a044b7cf1a208744bc9b5022e51027ec586,200,,5.99
Household,20180727,Cleaning Products,Biokleen Bac-Out Stain+Odor Remover Foam Spray - 3...,0,52b87e6c8092c6da1a85988ca8b7fec452e381af,200,32 oz,10.19
Household,20180727,Cleaning Products,Seventh Generation Lemon Scent Dishwasher Detergen...,0,8a423709922003e93fbb1747285e5911ccf62c2f,200,42 oz,5.99
Household,20180727,Cleaning Products,If You Care Medium Household Gloves - 2 ct,0,76462b2db8749e0f313c228308ea30939ee05e49,200,2 ct,4.49
Household,20180727,Cleaning Products,CleanWell Lemon Scent Botanical Disinfectant All P...,0,5d4e9739d9922e695bc5b215e52d33528a4c9d49,200,26 oz,3.39
Household,20180727,Cleaning Products,Earth Friendly Products Parsley Plus All Surface C...,0,8d6ea157d3105b5163ab9f163eae7dc1b580b1c0,200,22.0 fl oz,3.29
Household,20180727,Cleaning Products,Citra Solv Natural Multi-Purpose Cleaner Valencia ...,0,002a1395fcd8ee6e9fde820394eb686f28bf15c9,200,22 fl oz,3.89
Household,20180727,Cleaning Products,If You Care Small Household Gloves - 1 pair,0,0c44d3106a652086eb15a89abf00a5b1313135ee,200,1 pair,4.49
Household,20180727,Cleaning Products,Earth Friendly Products Fruit & Vegetable Wash - 2...,0,145120d9b6e95391d18f57f32825c3a07886e3bb,200,22.0 fl oz,3.49
Household,20180727,Cleaning Products,Seventh Generation Natural Emerald Cypress & Fir T...,0,c4ffe620bf04fc4621697edef5820a13f1b065bc,200,32 fl oz,4.19
Household,20180727,Cleaning Products,Biokleen All Purpose Cleaner Concentrate - 32 oz,0,cacfea7d4bed7b29962f57ab3dfaddf3e0badb2a,200,32 oz,6.79
Household,20180727,Cleaning Products,Twist Euro Sponge Cloths - 3 ct,0,aa6f6179060ee5448257dbfd83ebae78121e6588,200,3 ct,3.39
Household,20180727,Cleaning Products,Biokleen Bac-Out Multi-Surface Floor Cleaner - 32 ...,0,edbddf7a0f98cca5ce477e88b02e1fc242588530,200,32 oz,6.59
Household,20180727,Cleaning Products,Nature's Miracle Pet Stain And Odor Remover Spray ...,0,19253b58b58288d8bd29078fcb53638ec276e640,200,24 fl oz,4.99
Household,20180727,Cleaning Products,Earth Therapeutics Natural Exfoliation Hydro Glove...,0,086c2fb9c6ba6f8e4c614cde2569476cd8a401d9,200,,7.49
Household,20180727,Cleaning Products,Natural Value Scouring Pads - 2 ct,0,d5f246fb785574bd42fd97a93df4a2af115a61e6,200,2 ct,1.29
Household,20180727,Cleaning Products,Casabella Casa Color Mini Brush Scrubber -,0,bb8e644663b51cac1c4bab2d06697b1d22470d0e,200,,6.19
Household,20180727,Cleaning Products,Earth Friendly Ecos Hypoallergenic Lemongrass Hand...,0,2af412529e08c2630ad920bf2cbcf160838194b3,200,12.5 fl oz,2.89
Household,20180727,Cleaning Products,ECOS Dishmate Dish Liquid Bamboo Lemon - 25.0 fl o...,0,0d6b491aab20429bbd354dc4b26939b3009ffdb8,200,25.0 fl oz,3.59
Household,20180727,Cleaning Products,Norpro Pop Up Sponges - 12 ct,0,48dfe42674842682611d2410338c8b53fcae2fa0,200,12 ct,18.79
Household,20180727,Cleaning Products,Pure ayre Odor Eliminator Spray Bottle - 14 fl oz,0,ad67b891e2d4c161c191032b6d319e8c2cda4b7e,200,14 fl oz,5.19
Household,20180727,Cleaning Products,Casabella Round Dish Scrubber - 1 ct,0,3a6988c87b8b2676581535bf6e9bf85c82a0ddfd,200,1 ct,6.99
Household,20180727,Cleaning Products,Lola Copper Scourers -,0,ef84ad6f3461fa887019f78b8b7b304894b3f376,200,,2.99
Household,20180727,Cleaning Products,Casabella Glass Magnet Cloth -,0,16148da94a75ecbbe0542fe275b1855d7d7331d2,200,,6.19
Household,20180727,Cleaning Products,Casabella Microfiber Cloth For Plasma And Lcd Scre...,0,6179b38978a59a809617e8e4490c03f9b79fa6c4,200,,6.19
Household,20180727,Cleaning Products,Klean Kanteen Steel Straws With Cleaner - 4 ct,0,7018b3e9129cddeb19234889380e8a9cdd9b5bf5,200,4 ct,8.99
Household,20180727,Cleaning Products,Full Circle Mini Brush & Dustpan Set -,0,b712b228b47adcf89b1d73a8101cdaffe249a50c,200,,8.99
Household,20180727,Cleaning Products,Casabella Scrub Sponge - 3 ct,0,1dd1fb13801569a71d870a42f4048b45371148a7,200,3 ct,5.35
Household,20180727,Cleaning Products,Citra Solv Valencia Orange Concentrated Cleaner & ...,0,eaab710c55879df7e284db1eeb449cb59a3266bc,200,16 fl oz,16.99
Household,20180727,Cleaning Products,"Seventh Generation Disinfectant Spray, Fresh Citru...",0,ba6a85327f281dbb687db3c1ff7c357b9e5633d6,200,13.9 oz,6.99
Household,20180727,Cleaning Products,Casabella Swivel Dish Brush - 1 ct,0,7ef82dcfb8ff3a00cd67cdfe8fe16a94e06cf275,200,1 ct,6.19
Household,20180727,Cleaning Products,Casabella Round Mesh Scrubber - 1 ct,0,b8511c5c92e81c3f7dbddd46133ed478f50213e0,200,1 ct,6.19
Household,20180727,Cleaning Products,"Casabella Bottle Brush, Long Handle - 1.00 ea",0,0a32ad9f12658a95eb727945105b47acaeaa1adf,200,1.00 ea,6.19
Household,20180727,Cleaning Products,Home Health Small Wool Flannel -,0,671a422815e789ea2dcc9b6c240cf36c110fabcf,200,,10.99
Household,20180727,Cleaning Products,Casabella Microfiber Stainless Steel Cloth - 1 ct,0,2c2b460ed16900de49fae4117dfc5896bb026ecd,200,1 ct,6.19
Household,20180727,Cleaning Products,Casabella Microfiber Glass Cleaning Cloth - 1 ct,0,df753cc3cf0c8f91f709cb55629b785b1538320d,200,1 ct,6.19
Household,20180727,Cleaning Products,Casabella 3 Packs Assorted Bottle Brushes -,0,9091c252102d1b7d43df9b3fc7814f2242b87bcf,200,,9.99
Household,20180727,Cleaning Products,Casabella Mesh Scrubber - 2 ea,0,7d22778e3617ef5df120a0ddb3d6153d0d8be7d7,200,2 ea,7.49
Household,20180727,Cleaning Products,Nautical Stripe Dishcloths - 2 ct,0,d9c1d4e31be08d099963784efecc0cca41065232,200,2 ct,4.29
Household,20180727,Cleaning Products,Field Day F&C All Purpose Cleaner 32oz Fi D - 32 o...,0,905aaf8b2d25f674913eaf18ffe51abac6858100,200,32 oz,2.99
Household,20180727,Air Fresheners & Candles,Citrus Magic Odor Eliminating Air Freshener Fresh ...,0,bf2fe14aae37a1ea61520aa4373a02c821439dec,200,3.5 fl oz,6.89
Household,20180727,Air Fresheners & Candles,GoodLight Birthday Candles - 12 ct,0,855278260c1e67affd2938e297160a856fa1eb0e,200,12 ct,2.99
Household,20180727,Air Fresheners & Candles,Now Essentials Oils 100% Pure Lavender Oil - 1 fl ...,0,b31579a2f95fd89128a5ae8daa46da6d9181fa8e,200,1 fl oz,11.99
Household,20180727,Air Fresheners & Candles,J.R. Watkins Aloe & Green Tea Natural Room Freshen...,0,ffcabd9f7724fd829461dceeaedad9907d94cdcb,200,4 fl oz,3.29
Household,20180727,Air Fresheners & Candles,Big Dipper Wax Works Meditation Beeswax Aromathera...,0,a72f52182e23eb00b3a165c825520420a59f17f5,200,2 oz,3.79
Household,20180727,Air Fresheners & Candles,Now 100% Pure Peppermint Oil - 1 fl oz,0,03673916f65093a84469bd2e7bcdac8df7a7f33b,200,1 fl oz,7.99
Household,20180727,Air Fresheners & Candles,Big Dipper Wax Works Beeswax Meditation Aromathera...,0,1f53536fe023da359915c94cb0b3e3046c5214b9,200,ct,3.79
Household,20180727,Air Fresheners & Candles,Now 100% Pure Cedarwood Essential Oil - 1 fl oz,0,c1e1fdb1b6cbeef2bc423ee83662ca8fc7976318,200,1 fl oz,4.99
Household,20180727,Air Fresheners & Candles,Citrus Magic Fresh Citrus Solid Air Freshener - 8 ...,0,58306376099ad8f960c440045d26df55df079365,200,8 oz,5.19
Household,20180727,Air Fresheners & Candles,Big Dipper Wax Works Natural 100% Beeswax Votive C...,0,6a76668e8fa9ba20ed4f71d2085e005490ccd486,200,2 oz,3.29
Household,20180727,Air Fresheners & Candles,Now 100% Pure Clove Oil - 1 fl oz,0,a92a327ea07bf42283934304bd05705d20def1cc,200,1 fl oz,6.99
Household,20180727,Air Fresheners & Candles,Big Dipper Wax Works Birthday Heart Candle -,0,ee540b02fbb0e6a26659a7bb1cb69ee3beef69f9,200,,2.89
Household,20180727,Air Fresheners & Candles,Aloha Bay Votive Glass -,0,11b6473010b2566eb108da2970efd46e80b802ad,200,,1.49
Household,20180727,Air Fresheners & Candles,Aloha Bay Votive Candle Lavender Hills - 1 ct,0,71b895eb789c2b360cb1030edb70c18d053405af,200,1 ct,2.49
Household,20180727,Air Fresheners & Candles,Juniper Ridge Large White Sage Smudge Stick - 1 ct,0,74327553da4870bcf011cb1ae67db0fcdaf61d33,200,1 ct,9.49
Household,20180727,Air Fresheners & Candles,Now Bamboo Ultrasonic Oil Diffuser -,0,6e75a6c9b36ffb84de3f8a90dc57ec59cf6eecd5,200,,49.99
Household,20180727,Air Fresheners & Candles,GoodLight Unscented Tea Light Candles - 24 ct,0,9bdaf3092e4560c81b0a408f55388717a849d06d,200,24 ct,7.99
Household,20180727,Air Fresheners & Candles,Big Dipper Wax Works 100% Beeswax Hand Dipped Tape...,0,ac59d5681f1e17e470730bf1dc4dfc01b2664d0b,200,2 ct,9.99
Household,20180727,Air Fresheners & Candles,Big Dipper Wax Works Beeswax Cake Candle - 9 -,0,f4e789ae7edaee8f482e59cbcaf7f04177eb97d4,200,,2.89
Household,20180727,Air Fresheners & Candles,Big Dipper Candles Beeswax Bar -,0,686537d45f241ef825381913d15e57a111759d13,200,,3.79
Household,20180727,Air Fresheners & Candles,Big Dipper Wax Works Aromatherapy Beehive Glass Ha...,0,05b86ee70430d7d1dc6f68593696b3c1c600ffdc,200,,15.49
Household,20180727,Air Fresheners & Candles,Big Dipper Wax Works Balance Tin Candle - 1.7 oz,0,5803d6fa8e9982f163c34336e446ba23b4a85b9b,200,1.7 oz,5.49
Household,20180727,Air Fresheners & Candles,Big Dipper Wax Works Colored Beeswax Birthday Cand...,0,62f4da86f7a3d9f8205825889b4ec932c6243aa4,200,12 ct,4.99
Household,20180727,Air Fresheners & Candles,Maroma Lavender Incense Stick - 10 ct,0,99a42863d136e85bf3d7af0696e583e2d3ac7224,200,10 ct,3.99
Household,20180727,Air Fresheners & Candles,Big Dipper Wax Works Beeswax Cake Candle - 5 -,0,91d38ff936703a195ef34dff8d9a927a8c7a714d,200,,2.89
Household,20180727,Air Fresheners & Candles,"Now Organic Essential Oils, Peppermint, Bottle - 1...",0,dd45da9ad167220170ffd5432e1c7d64e0a061bc,200,1 oz,16.99
Household,20180727,Air Fresheners & Candles,Juniper Ridge Small White Sage Smudge Stick - 2 ct,0,ca0630c634e5929645b129688a39f7836d1150de,200,2 ct,9.49
Household,20180727,Air Fresheners & Candles,Now Eucalyptus Oil - 4 fl oz,0,421f7c58b65501cf0c15af3e46f56f2a5e650f15,200,4 fl oz,12.99
Household,20180727,Air Fresheners & Candles,Aura Cacia Lavender Harvest Aromatherapy Mist - 4....,0,12839ba8a6b0bf3c357810ea7738f4ad563d6385,200,4.0 fl oz,7.79
Household,20180727,Air Fresheners & Candles,"Big Dipper Wax Works 12"" Red Taper Candles Pair - ""...",0,6be27831543cc65830530c115217ebfe926166fb,200,2 ct,9.99
Household,20180727,Air Fresheners & Candles,Maroma Frankincense Sticks - 10 ct,0,33a3c81c57c4e907d4c077d0daf2a33280653528,200,10 ct,3.99
Household,20180727,Air Fresheners & Candles,Maroma Vanilla Incense of Auroville - 10 ct,0,f225ebd52f3a6a49f95c2be4d910ca8332379827,200,10 ct,3.99
Household,20180727,Air Fresheners & Candles,Big Dipper Wax Works Meditation 3.2 Oz Glass Apoth...,0,2e3c935c62ed54f00db26c4b3488ff4214e07452,200,,9.99
Household,20180727,Air Fresheners & Candles,Big Dipper Wax Works 100% Beeswax Hand Dipped Tape...,0,3868fff3021b323ac9fd59ad27a5a13eb9f79437,200,2 ct,9.99
Household,20180727,Air Fresheners & Candles,Big Dipper Wax Works 100% Beeswax All Natural Bees...,0,ba32aae29166de59a9b3e37e5980f50632c87150,200,1 ct.,18.49
Household,20180727,Air Fresheners & Candles,Aura Cacia Tangerine/Grapefruit Aromatherapy Mist ...,0,7280d67874c49791e02ea0c7e926cdde49384bc3,200,4 fl oz,7.79
Household,20180727,Air Fresheners & Candles,Now Cedarwood Oil - 1 fl oz,0,89751a9f9674131774832c1abf21a2c9e3e6f382,200,1 fl oz,5.99
Household,20180727,Air Fresheners & Candles,Now 100% Pure Frankincense Essential Oil - 1 fl oz,0,b6cfc6bdb5ecbec006324bad81ca73caec72f3fc,200,1 fl oz,24.99
Household,20180727,Air Fresheners & Candles,"GoodLight Tea Lights, Unscented - 100.00 ea",0,31da79d1c4a2f3da9c9d305f9e88ce4855cf16a2,200,100.00 ea,23.99
Household,20180727,Air Fresheners & Candles,Big Dipper Wax Works Beeswax Block -,0,1546c0426bfe57a7996773ec356201078b6b031a,200,,19.99
Household,20180727,Air Fresheners & Candles,Wallys 100% Beeswax Ear Candles - 4 ct,0,cd274839fcb4951daaa0eaa4ff34148975e35fae,200,4 ct,14.59
Household,20180727,Air Fresheners & Candles,Wallys Beeswax Ear Candles - 2 ct,0,9effdc91f2463b2c254577f5e919f756dfdf8fc8,200,2 ct,10.49
Household,20180727,Air Fresheners & Candles,Big Dipper Wax Works Beeswax Rejuvenation Aromathe...,0,d0023cafe72ebafa355eee80f3094070fa5bd56b,200,ct,3.79
Household,20180727,Air Fresheners & Candles,Juniper Ridge Three Smudge Stick Mini Variety - 1 ...,0,36b62bf2ef65b89e61cbf9460e2ce93b52d69a3c,200,1 ct,11.99
Household,20180727,Air Fresheners & Candles,Big Dipper Wax Works Beeswax Citronella Tin Candle...,16.99,8110c7032fd1839ded82701568240b598550faf4,200,,14.39
Household,20180727,Air Fresheners & Candles,Big Dipper Wax Works Beeswax 3.2 oz Apothecary Gla...,0,fbf9897df5ab6bcd2b600df28bb1f155c3c74984,200,ct,9.99
Household,20180727,Air Fresheners & Candles,Big Dipper Wax Works Balance Beeswax Aromatherapy ...,0,f3fe0f1e1e4ffcca94b2b8809567f9fec7074d80,200,2 oz,3.79
Household,20180727,Air Fresheners & Candles,Big Dipper Wax Works Rapture Aromatherapy Candle -...,0,e47ee2e48c77e226b13ad3fe44de7d555d78d7de,200,1.7 oz,5.49
Household,20180727,Air Fresheners & Candles,Big Dipper Wax Works Beeswax Cake Candle '0' -,0,ccc7f809218a6e663dcba7abcf2109d85aa1ca2a,200,,2.89
Household,20180727,Air Fresheners & Candles,"Big Dipper Wax Works 12"" Teal Taper Candles Pair -""...",0,4f1105e4c5d24c861f5aa69518ab2f1982127c83,200,2 ct,9.99
Household,20180727,Air Fresheners & Candles,Big Dipper Wax Works Beeswax Cake Candle - 6 -,0,618c6293fe32e7e4631bd43bf706002cb2b6682d,200,,2.89
Household,20180727,Air Fresheners & Candles,Big Dipper Wax Works Beeswax Cake Candle - 8 -,0,3e5b5b687f34f755fdf3f4d5def045b97f11394b,200,,2.89
Household,20180727,Air Fresheners & Candles,Big Dipper Wax Works Beeswax Cake Candle - 7 -,0,fa1cd141689a09b6d5b19bbd87985eb6432bf1e2,200,,2.89
Household,20180727,Air Fresheners & Candles,Big Dipper Wax Works Aromatherapy Votive Rapture -,0,568ac3e8179bd260b1a3c158a497663064ac026d,200,,3.79
Household,20180727,Air Fresheners & Candles,Big Dipper Wax Works Glass Apothecary Beeswax - 3....,0,d128b4a1d5e7cd4941c836b73b9f6f820dc2176e,200,3.2 oz,8.99
Household,20180727,Air Fresheners & Candles,Aloha Bay Single Taper - 1 each,0,8a72d6adcb8e791d01373af4d9fbd92add90f249,200,1 each,1.79
Household,20180727,Air Fresheners & Candles,Maroma Kalki Inner Peace Stick - 1 ct,0,6a8e17bf2d2b669d865fea97b80964af2cfcf41e,200,1 ct,3.29
Household,20180727,Air Fresheners & Candles,Maroma Kalki Gratitude Incense Stck - 1 ct,0,4892f9d9e5d8cd87e0a01f54574b039ca3126d92,200,1 ct,3.29
Household,20180727,Air Fresheners & Candles,Big Dipper Serenity Beeswax Apothecary Glass - 3.2...,0,54f91600d4cdf5da366a0a60b89b9b780a0ef384,200,3.2 oz,9.99
Household,20180727,Air Fresheners & Candles,Big Dipper Awaken Beeswax Apothecary Glass - 3.2 o...,0,fed075dc0f1d9033967d10c5aa39cb62ea4c9928,200,3.2 oz,9.99
Household,20180727,Air Fresheners & Candles,Aloha Bay Single Taper - 1 each,0,321d75210a8bb85286ba73a0a9ef2feb24542594,200,1 each,1.75
Pets,20180727,Dog Food & Care,Newman's Own Snack Sticks For Dogs Chicken & Veget...,0,c62d1269ac41b474265e8da8a8ca9c43b501efd2,200,4.0 oz,3.99
Pets,20180727,Dog Food & Care,Castor & Pollux Organix Grain Free Turkey & Vegeta...,0,405d51fc9d1685f152d976d87ac18beb02953be3,200,12.7 oz,3.19
Pets,20180727,Dog Food & Care,Castor & Pollux Natural Ultramix Adult Dog Food - ...,0,19b5599b38c7d3f124bd0d7801001d56a3e0f94d,200,5.5 lb,16.99
Pets,20180727,Dog Food & Care,BioBag Pet Waste Bags Standard Size - 50 ct,0,6c17ad9300a47bf2cd8ada1342cebbfc813b738d,200,50 ct,6.49
Pets,20180727,Dog Food & Care,Nummy Tum Tum Pet Food Supplement for Dogs and Cat...,0,e93e98b40f8d9a1c85d7f8ec90c3bb033bc5bc20,200,15.00 oz,2.69
Pets,20180727,Dog Food & Care,Buckley's Immunity Chicken Jerky Dog Treats - 5 oz,0,35e6ab9cc5c6cc6ebb7df430bed42bdaa62a4ee9,200,5 oz,7.99
Pets,20180727,Dog Food & Care,Castor & Pollux Organix Grain Free Chicken & Veget...,0,a54572c388cd28c874ed4a51958e56844aff88b2,200,12.7 oz,3.19
Pets,20180727,Dog Food & Care,Newman's Own Snack Sticks For Dogs Chicken & Rice ...,0,c151d0ab166aa420ccfd077bb06972fe6f907d55,200,4.0 oz,3.99
Pets,20180727,Dog Food & Care,Good Buddy Castor & Pollux Good Buddy Beef Jerky -...,0,b596c3d346cafd153bc58f0a459f397405e731a5,200,3.0 oz,4.49
Pets,20180727,Dog Food & Care,Natural Ultramix Adult Dog Food - 15 lb,0,a221863f07868d1557b340911135293e24680401,200,15 lb,31.45
Pets,20180727,Dog Food & Care,Wellness Beef Stew Canned Dog Food - 12.5 oz,0,3436bc89beac38c7587dcc07f35282da3e4927f3,200,12.5 oz,3.29
Pets,20180727,Dog Food & Care,Castor & Pollux Rawhide 6 Inch Bone -,0,5dc1e47c79f1f0d1ec54cf3fcf4f7ef490b1728b,200,,4.09
Pets,20180727,Dog Food & Care,Wellness Natural Dog Food Chicken & Sweet Potato F...,0,2cc55c99305f0d02f9d78de1e907de844aa89f83,200,12.5 oz,3.59
Pets,20180727,Dog Food & Care,Tender And True Pet Food Organic Grain Free Chicke...,0,b66c319ff9f0d89e035e3030d1fa988f5c1a380a,200,12.5 oz,2.89
Pets,20180727,Dog Food & Care,"Castor & Pollux Organix Adult Dog Food Turkey, Car...",0,d6a50196b9ad87aa6a36ee4d6cf93ed09f6f5068,200,12.7 oz,3.19
Pets,20180727,Dog Food & Care,Castor & Pollux Organix Organic Chicken & Potato F...,0,a50c1899c02feaf4bc2ea822044d030b936f70b4,200,12.7 oz,3.19
Pets,20180727,Dog Food & Care,Nummy Tum Tum Organic Sweet Potato Supplement for ...,0,694a334d6b72bdc325b8d4f7c1ce5cb44ced806b,200,15 oz,2.69
Pets,20180727,Dog Food & Care,Newman's Own Grain Free Premium Stews for Dogs Bee...,0,fb5bd9088fdd7e4189d42f4401dbc00da3b8bbf1,200,12.0 oz,3.99
Pets,20180727,Dog Food & Care,Good Buddy Chicken Flavored Bone 4 Inch Dog Chew -...,0,b8df44bf6eb6d8f55b00e7b6992525d4e8987556,200,1 ct,2.59
Pets,20180727,Dog Food & Care,Newman's Own Dinner For Dogs Chicken & Brown Rice ...,0,0f5f4b279ebc7ff406fd4d980bd28b9630c921de,200,12.7 oz,3.99
Pets,20180727,Dog Food & Care,Tender & True Pet Food Organic Grain-Free Chicken ...,0,d6eb7620edaf9d0184bba795d99772b56b6c97c1,200,4 lb,18.79
Pets,20180727,Dog Food & Care,Good Buddy Chicken Flavored Rawhide Chip Dog Bones...,0,1dcecfde5a99cebad393257011b4f8dc2ce91d6a,200,4 oz,5.65
Pets,20180727,Dog Food & Care,Wellness Complete Health Chicken & Oatmeal Dog Foo...,0,c7bad2e5caa33b8026751fece83a5579240d062a,200,5 lb,21.69
Pets,20180727,Dog Food & Care,Wellness Chicken Stew Natural Food for Dogs - 12.5...,0,8db73d7127050f8e310748c25b66019f6b3f835f,200,12.5 oz,3.29
Pets,20180727,Dog Food & Care,Castor & Pollux Organic Peanut Butter Flavor Dog C...,0,a1a8cd341754433e69ed0b39d85efccd934f52ea,200,12 oz,5.29
Pets,20180727,Dog Food & Care,Fruitables Pumpkin & Apple Flavor Dog Treats - 7 o...,0,3a387ecf3df46e78effb6404abeaa6fec8f0b2e1,200,7 oz,3.99
Pets,20180727,Dog Food & Care,Tender And True Pet Food Chicken & Brown Rice Reci...,0,43ea010de70ae1e4eab6aa4c1fb3dd2a414291f5,200,13.2 oz,2.59
Pets,20180727,Dog Food & Care,Newman's Own Dinner For Dogs Turkey & Brown Rice R...,0,447c0910fa1475b4c3dba45961b516b49e845186,200,12.7 oz,3.99
Pets,20180727,Dog Food & Care,Castor & Pollux Organix Chicken & Oatmeal Dry Dog ...,0,f1b75887f1049a7c97c739cf5ad4a1435c169ffd,200,4 lb,19.39
Pets,20180727,Dog Food & Care,Castor & Pollux Organic Chicken & Sweet Potato Dry...,0,9049b46536f404ec78b02923f1c947579af15c14,200,4 lb,22.99
Pets,20180727,Dog Food & Care,Castor & Pollux Organix Chicken & Oatmeal Recipe O...,0,dd2a8351cb88e5606f560b4b92f3993f285dac5b,200,10 lb,38.99
Pets,20180727,Dog Food & Care,Doggie Delirious Peanut Butter Bones - 16 oz,0,ae749181015137561b9b7b33bb5190f4e0562b5e,200,16 oz,5.45
Pets,20180727,Dog Food & Care,Tender And True Pet Food Turkey & Brown Rice Recip...,0,14cd0e45e93c1c36fb19cb5d300d5c329c57ad4e,200,4 lb,13.89
Pets,20180727,Dog Food & Care,The Honest Kitchen Keen Turkey Recipe Food For Dog...,17.99,3c6a1c37581752aeeb37800f3928f20fe4769a3a,200,2 lb,15.99
Pets,20180727,Dog Food & Care,Rileys Organic Sweet Potato Small - 5 oz,0,46102533b61778405c7e9565fbcd95d86032c6d9,200,5 oz,4.99
Pets,20180727,Dog Food & Care,Rileys Organic Pumpkin & Coconut Small - 5 oz,0,4f6a617cdd77141edb14af9c4743da52ac6cc422,200,5 oz,4.99
Pets,20180727,Dog Food & Care,Precise Holistic Duck/Turkey Dog Food - 6 lb,0,f75b767c056244f644e34b8fddbcee497cea17a1,200,6 lb,18.99
Pets,20180727,Dog Food & Care,Castor & Pollux Natural Ultramix All Beef Sausage ...,0,94030a9bf6ca0943bdd49a9b4c3ed7d8150f0c90,200,13.2 oz,2.99
Pets,20180727,Dog Food & Care,Doggy Delirious Cheesy Bones - 6 x 16 oz,0,21872f2c81a0e7d71d529f0bf5840485f18cd148,200,6 x 16 oz,5.45
Pets,20180727,Cat Food & Care,"Wellness Chicken Formula, Grain Free Natural Food ...",0,04ba78175f519a274380238cdf914ad689673fd6,200,5.5 oz,2.39
Pets,20180727,Cat Food & Care,Wellness Chicken & Lobster Formula Canned Cat Food...,0,6c2fdb92ab58f9261c185d4b2cb744cf7ef87e31,200,3 oz,1.59
Pets,20180727,Cat Food & Care,Wellness Grain Free Turkey & Salmon Formula Cat Fo...,0,6bfc470c00191e12b048157b5e3849df1ebd3401,200,3 oz,1.59
Pets,20180727,Cat Food & Care,"PetGuard Cat Food, Premium Feast Dinner - 5.50 oz",0,699b712e50787643704166eb0ddf9b0329dbdb3d,200,5.50 oz,1.69
Pets,20180727,Cat Food & Care,Wellness Natural Food For Cats Turkey & Salmon - 5...,0,fe8ea75396fcd1cf67a2c63bb705a1fb1bb43eac,200,5.5 oz,2.39
Pets,20180727,Cat Food & Care,Pet Guard Savory Seafood Dinner Cat Food - 5.5 oz,0,c56c0effb8998582a03071682c13d4ef09567462,200,5.5 oz,1.69
Pets,20180727,Cat Food & Care,Wellness Grain Free Chicken Formula Cat Food - 3 o...,0,1643ef67b988f1ff4c5ba9a29fd1149de69dc857,200,3 oz,1.59
Pets,20180727,Cat Food & Care,Newman's Own Organics Premium Cat Food - 5.5 oz,0,3381e77073fa4558219a74c3d9879899e2461572,200,5.5 oz,2.39
Pets,20180727,Cat Food & Care,Castor & Pollux Organix Grain Free Shredded Chicke...,0,8dfddb21adb181b332602854a7a0ae2e5cff4351,200,5.5 oz,1.79
Pets,20180727,Cat Food & Care,"One Earth Cat Litter, Premium - 7 lb",0,a54987afc5f0db5d0af44185c6168437ac02e499,200,7 lb,11.99
Pets,20180727,Cat Food & Care,"PetGuard Fish, Chicken & Liver Dinner for Cats - 5...",0,b355980f0332ebdbbcd44b8a2717bde5b32d15dd,200,5.5 oz,1.69
Pets,20180727,Cat Food & Care,Organix Organic Shredded Chicken & Chicken Liver R...,0,363f5d4cde3442472c8913e55d6f21d3f0cf34ad,200,5.5 oz,1.79
Pets,20180727,Cat Food & Care,sWheat Scoop Cat Litter Fast-Clumping - 12.3 lb,0,d3c03e27df97a0dc088a7b67c70a33c67888498e,200,12.3 lb,15.59
Pets,20180727,Cat Food & Care,Newman's Own Organics Premium Cat Food Turkey Form...,0,7ce3247ccd5e92f107ba466747035c74ae85af4d,200,5.5 oz,2.39
Pets,20180727,Cat Food & Care,Wellness Complete Health Healthy Weight Natural Fo...,0,9c814fe3f7929ef2c8ead6ea49f015d2618a63e1,200,40.0 oz,16.99
Pets,20180727,Cat Food & Care,Precise Chicken Feline Foundation - 13.2 oz,0,47aba56924b36b02c9fa6983077a2c5609403c29,200,13.2 oz,3.15
Pets,20180727,Cat Food & Care,Tender And True Pet Food Premium Cat Food Made Wit...,0,7ef9646a29d5d4ee0610d4c3bd35844c5087b1bb,200,3 lb,11.99
Pets,20180727,Cat Food & Care,Precise Fish Feline Foundation - 5.5 oz,0,34436bd45111d241763cd5f746e3377bd7ce2f20,200,5.5 oz,2.49
Pets,20180727,Cat Food & Care,Precise Turkey Feline Foundation - 13.2 oz,0,58c8d5884b0286b47c0505d7bcc6b32ccced2d96,200,13.2 oz,3.15
Pets,20180727,Cat Food & Care,Castor & Pollux Pristine Grain Free Wild Caught Sa...,0,139a42d56c478191bc1a5e0cf3421945407e97dd,200,3 oz,1.49
Pets,20180727,Cat Food & Care,Castor & Pollux Organix Cat Treats - 2 oz,0,205e1c4971dbc211a1ba78750938890ad0bc1498,200,2 oz,3.69
Pets,20180727,Cat Food & Care,Castor & Pollux Organic Chicken Sweet Potato Recip...,0,517033e573b5a1433c91a475407b8c36a012168b,200,3 lb,19.99
Pets,20180727,Cat Food & Care,Purina Grain Free Pch Chicken Cat Food - .3 lb,0,2b47c468121f48e76b07df71c8fe526bbac2c015,200,.3 lb,1.49
Pets,20180727,Cat Food & Care,Wellness Eaglepack Holisti Wellness Chicken Chicke...,0,58b87241572bbd0bb01e8b04209d2a63f01331da,200,2.5 lb,13.19
Pets,20180727,Cat Food & Care,Precise Feline Seafare Food for Pets - 5.5 oz,0,56f2db7096adacabb54a0c83917abf247a2427c0,200,5.5 oz,2.49
Pets,20180727,Cat Food & Care,Precise Turkey Feline Foundation - 5.5 oz,0,6768078cf1a938d77b5ccbc31fe65150ff8f68ce,200,5.5 oz,2.49
Pets,20180727,Cat Food & Care,Konitz Animals Globetrotter Cat Mug - n/a each,0,1f3a1c95eb6402fc6fdafd3f8a92c6bba09b9ca8,200,n/a each,7.99
Babies,20180727,Baby Accessories,Kids Konserve Food Kozy Wrap 2 Pk Magenta -,0,e818ff110e5b93c2e91881126f6a90bff7a7afbe,200,,8
Babies,20180727,Baby Accessories,Big Dipper Wax Works Beeswax Sanctuary Glass Beesw...,0,3f7d92469a0867001817a66ba7a0a729c6ee8cd3,200,18 oz,20.99
Babies,20180727,Baby Accessories,Custom Pure 38 Mm Replacement Bottle Cap - 1 each,0,5c78d28ef3e06b8049930b19c9012689b60c2f71,200,1 each,0.25
Babies,20180727,Baby First Aid & Vitamins,Kiss My Face Kids Toothpaste Berry Smart with fluo...,0,190001cde01b6155d91a761c9a42052aa97916c7,200,4.0 oz,5.49
Babies,20180727,Baby First Aid & Vitamins,Nordic Naturals Ultimate Omega Junior - 90 softgel...,0,91c19e5f0e6e57a63db4019bf08487f5fb40aad9,200,90 softgels,29.99
Babies,20180727,Baby First Aid & Vitamins,Burt's Bees Baby Bee Diaper Ointment - 3 oz,0,6097ff1f8230c72f89c7b1101477994039e34413,200,3 oz,8.99
Babies,20180727,Baby First Aid & Vitamins,MegaFood Baby And Me 2 Tablets - 60 ct,38.99,f6ea68daa1c1293a3f1d8d81fbbcec37bcc71efd,200,60 ct,33.99
Babies,20180727,Diapers & Wipes,Seventh Generation Free & Clear Fragrance Free Bab...,4.19,1d3e64deedb3fd48c4de3db321dbbf8bc7ce291e,200,64 ct,3.89
Babies,20180727,Diapers & Wipes,Seventh Generation Baby Free & Clear Stage 6 35+ L...,12.99,a5e7bef53a59f4a5f2cc99169f3d01943bb642b6,200,20 ct,11.89
Babies,20180727,Diapers & Wipes,Seventh Generation Baby Free & Clear Stage 5 (27+ ...,12.99,f1af770e952d6ccc9d9f95b415d0d8fe2b3fdbec,200,23 ct,11.89
Babies,20180727,Diapers & Wipes,Seventh Generation Free & Clear Fragrance Free Wip...,2.79,a5ee205aceb46e275a8183ca5253201bdf280cd9,200,30 ct,2.59
Babies,20180727,Diapers & Wipes,Seventh Generation Baby Free & Clear Stage 4 (27-3...,12.99,132b32511dedf785d7a82b3a32fb91976e367351,200,27 ct,11.89
Babies,20180727,Diapers & Wipes,Field Day Unscented Baby Wipes - 72 ct,0,9e4c4f68740e61587aee18a357ab0db0da425c07,200,72 ct,2.99
Babies,20180727,Diapers & Wipes,Seventh Generation Kids Free & Clear Unisex 3T-4T ...,12.99,845d19484cbe515e84531275c9ef5c37438c9a73,200,22 ct,11.89
Babies,20180727,Diapers & Wipes,Seventh Generation Unisex Free & Clear 4T-5T 38 Pl...,12.99,f33a147b7a2e1dc84a51f66fb87eb84baa71cded,200,17 ct,11.89
Babies,20180727,Diapers & Wipes,Seventh Generation Unisex Free & Clear 2T-3T up to...,12.99,5e19b55c20e6110c0de4cd48811c7c05afb456f7,200,25 ct,11.89
Babies,20180727,Diapers & Wipes,Seventh Generation Free & Clear Stage 2 12-18 Lbs....,12.99,2540792fe9ea70c7defb4ade12734345b4b98402,200,36 ct,11.89
Babies,20180727,Diapers & Wipes,Seventh Generation Baby Free & Clear Stage 3 16-28...,12.99,8a4ac3102e384f8839be70d85d721431b81e5e84,200,31 ct,11.89
Babies,20180727,Diapers & Wipes,Seventh Generation Free & Clear Stage 1 (8-14 lb) ...,12.99,16179fc4e1338cc9a5020327976d71edf3209303,200,40 ct,11.89
Babies,20180727,Diapers & Wipes,Weleda White Mallow Diaper Rash Cream - 1.9 oz,0,a6a40d1e9978e9cccf8d7e5cebc06a25b19a8fe8,200,1.9 oz,14.49
Babies,20180727,Baby Food & Formula,"Happy Tot Fiber & Protein/Organic Pears, Blueberri...",0,a4fc8fa329f9d2e660c3ed79ad96b42f49d61148,200,4 oz,1.69
Babies,20180727,Baby Food & Formula,Ella's Kitchen Organic 4 Months Broccoli Pears + P...,0,96b7e93a0d3c97b78cfb6683f718f264d1bc62b9,200,3.5 oz,1.79
Babies,20180727,Baby Food & Formula,"Ella's Kitchen Stage 1 Sweet Potatoes, Pumpkins, A...",0,c42d90bcb6e2ac846038c3d1be494abcfd88b2d2,200,3.5 oz,1.79
Babies,20180727,Baby Food & Formula,"Happy Baby/Family Apples, Blueberries & Oats Organ...",0,2c6e1bb38d155be0e9b9977379ed8a0ae61e836c,200,4 oz,1.59
Babies,20180727,Baby Food & Formula,"Happy Tot Organic Superfoods Pears, Peas & Green B...",0,1851cc94e978cf2b4f1dfa7de4494e0f38dfd1de,200,4.22 oz,1.69
Babies,20180727,Baby Food & Formula,"Happy Baby Apples, Pumpkin & Carrots Organic Baby ...",0,a54e71403143095b5e027e50304099e6d3c454fb,200,4 oz,1.59
Babies,20180727,Baby Food & Formula,Pumpkin Tree Peter Rabbit Organic Pea Spinach & Ap...,0,3a8bf53f1581260b442805f88b364af29f6bb0cc,200,4.4 oz,1.79
Babies,20180727,Baby Food & Formula,Earth's Best Organic Strawberry Banana Fruit Yogur...,1.69,6f5948a4b30bc668591b49674f36f3c0da4186b9,200,4.2 oz,1.49
Babies,20180727,Baby Food & Formula,Earth's Best Organic Baby Food Puree Banana Bluebe...,1.69,1e4596ad520fd0ad3c17149aaf7101a1f2d30579,200,4 oz,1.49
Babies,20180727,Baby Food & Formula,Happy Baby/Family Organics Clearly Crafted Bananas...,0,962ac519b2697c2a487b685a8c6bc784495db695,200,4 oz,1.59
Babies,20180727,Baby Food & Formula,Plum Baby Stage 2 Pear Spinach & Pea Baby Food - 4...,1.89,799084c1dc7ca71153026cad505c702e773fb7c1,200,4 oz,1.59
Babies,20180727,Baby Food & Formula,Pumpkin Tree Peter Rabbit Organics Strawberry and ...,0,80d6674c0e4e9ad1cad71d97365b5730f4fc9ec1,200,4 oz,1.79
Babies,20180727,Baby Food & Formula,"Happy Tot Organic Superfoods Pears, Mangos & Spina...",0,db1b657013756aff802122ac7ba11f1dfd7fe6ed,200,4.22 oz,1.69
Babies,20180727,Baby Food & Formula,Happy Baby/Family Mixed Berry Organic Yogurt & Fru...,0,fef094d9656aadc9fb39d1ba43644011d1c3ebe8,200,1 oz,4.29
Babies,20180727,Baby Food & Formula,"Plum Organics Stage 2 Pear, Purple Carrot & Bluebe...",1.89,46e7d5ca7ebe936557e2f6fad59cdf5d57725712,200,4 oz,1.59
Babies,20180727,Baby Food & Formula,Happy Baby/Family Strawberry Organic Yogis Freeze-...,0,5b20158bbeb36295699f6299de04ce0f81171895,200,1 oz,4.29
Babies,20180727,Baby Food & Formula,Happy Baby/Family Organic Blueberry & Purple Carro...,0,a33303ed0e1585ff1b77ef2384892c051981a830,200,12 x 0.14 oz,4.59
Babies,20180727,Baby Food & Formula,"Happy Tot Organic Superfoods Apples, Sweet Potato,...",0,0d5bd2e83e9cdf602643168e5859d978f8076dc1,200,4.22 oz,1.69
Babies,20180727,Baby Food & Formula,Happy Baby/Family Kale & Spinach Superfood Puffs -...,0,185eb0d4ce94bb948346e81288eb786cbe00d3af,200,2.1 oz,3.29
Babies,20180727,Baby Food & Formula,"Pumpkin Tree Raspberry, Blueberry Banana Fruit Pur...",0,7ed52e65ec925e711193f29e6728f3685e9d8af3,200,4 oz,1.79
Babies,20180727,Baby Food & Formula,Happy Baby/Family Organics Clearly Crafted Black B...,0,e4e5e3fd9a3f10e5897b9d15ce26f938368f7b67,200,4 oz,1.59
Babies,20180727,Baby Food & Formula,"Ella's Kitchen Organic 4 Months Butternut Squash, ...",0,29de101b7bb1855b6f0d0ddd38bd89c4961db972,200,3.5 oz,1.79
Babies,20180727,Baby Food & Formula,"Happy Baby/Family Bananas, Sweet Potatoes & Papaya...",0,cf338747412ee1eb616c6430db6a728acf2f06e6,200,4 oz,1.59
Babies,20180727,Baby Food & Formula,Ella's Kitchen 1 From 4 Months Peaches + Bananas -...,0,fdd94e8a0fc839f1043cb7bc39ee724c5dc89bca,200,3.5 oz,1.79
Babies,20180727,Baby Food & Formula,"Happy Tot Superfoods Organic Pears, Blueberries & ...",0,b7b38a708a4e44f840c9ec97dd17eff69a12e2fc,200,4.22 oz,1.69
Babies,20180727,Baby Food & Formula,Ella's Kitchen Organic 4 Months Strawberries + App...,0,5fa65ffcc1512fad794916b8bb7af449abcd0713,200,3.5 oz,1.79
Babies,20180727,Baby Food & Formula,"Happy Baby Apples, Guavas & Beets Organic Baby Foo...",0,07b28ac6f15ab90fe57102da93ac402616ee04f2,200,4 oz,1.59
Babies,20180727,Baby Food & Formula,Happy Baby/Family Organic Sweet Potato & Banana Te...,0,c7d9047ca1de7c3e0d693e5934b86e533adc79e6,200,12 x 0.14 oz,4.59
Babies,20180727,Baby Food & Formula,"Pumpkin Tree Peter Rabbit Organics Beet, Carrot & ...",0,5979081263c9aff264c82694581be65104b430f3,200,4.4 oz,1.79
Babies,20180727,Baby Food & Formula,Pumpkin Tree Peter Rabbit Organics Kale Broccoli a...,0,2b53b1e717897be44ff8e9ff5b8b9cd894e79f6c,200,4.4 oz,1.79
Babies,20180727,Baby Food & Formula,Earth's Best Organic Pear Carrot Apricot Baby Food...,1.69,be9bddd30c4e85bef0413f8f37223b36df75356f,200,4.2 oz,1.49
Babies,20180727,Baby Food & Formula,Earth's Best Organic Stage 2 Spinach Lentil Brown ...,0,30e5564a5624c55a9dc308ffd1aef89ded9d40e2,200,3.5 oz,1.89
Babies,20180727,Baby Food & Formula,Peter Rabbit Organics Carrot Squash & Apple 100% V...,0,e837192fd2919c113ea35925dd50c5c0a5e1f0af,200,4.4 oz,1.79
Babies,20180727,Baby Food & Formula,Happy Baby/Family Organic Yogis Banana Mango Yogur...,0,1ef935656fbdc6ae1ef2903b2e849f86b52f5e8e,200,1 oz,4.29
Babies,20180727,Baby Food & Formula,Earth's Best Organic Stage 2 Carrots & Broccoli Ba...,1.69,521cdbb2c311a841d8c1a511cc5fdec4b87d6a91,200,3.5 oz,1.49
Babies,20180727,Baby Food & Formula,Happy Baby/Family Organics Clearly Crafted Carrots...,0,d52c8b5fee19ac1d7193268ae394956a36701d38,200,4 oz,1.59
Babies,20180727,Baby Food & Formula,"The Pumpkin Tree Peter Rabbit Organics Mango, Bana...",0,74b2a5ea5eca35a7f4b90704b599e4c64227c1d8,200,4 oz,1.79
Babies,20180727,Baby Food & Formula,"Earth's Best Sunny Days Snack Bars, Strawberry - 8...",0,0e4de35863b0fc663d25e690e35e0874f98119cc,200,8 ct,4.79
Babies,20180727,Baby Food & Formula,Happy Baby/Family Purple Carrot & Blueberry Superf...,0,4d18e79f81504d2173e4e8a138663fe6a81ecece,200,2.1 oz,3.29
Babies,20180727,Baby Food & Formula,Earth's Best Organic Stage 2 Pumpkin & Spinach Bab...,1.69,82f7fa3a3b9aab87f200d6bdd98c900d12ecf682,200,3.5 oz,1.49
Babies,20180727,Baby Food & Formula,"Plum Baby Plum Organics Stage 2 Apple, Plum Berry ...",1.89,ab008fb7e90ec5c778ada78fbe50cdc10dc24dda,200,3.5 oz,1.59
Babies,20180727,Baby Food & Formula,Earth's Best Organic Whole Grain Oatmeal Cereal - ...,0,77d9aed4f796c7e5727a815181ab75544adccc87,200,8 oz,4.69
Babies,20180727,Baby Food & Formula,Earth's Best Organic Infant Formula Powder With Ir...,35.99,20050fa87e74ccc08ee7fbeeefadbe940ae5f22e,200,23.2 oz,29.99
Babies,20180727,Baby Food & Formula,Earth's Best Organic Pumpkin Cranberry Apple Baby ...,1.69,4f30f10ee645086ca097183b465b92056ceace04,200,4.2 oz,1.49
Babies,20180727,Baby Food & Formula,Pumpkin Tree Peter Rabbit Organics Pumpkin Carrot ...,0,428ff9e4d7cb9fcd5b7ebd87ece27a83f823ab44,200,4.4 oz,1.79
Babies,20180727,Baby Food & Formula,Earth's Best Organic Stage 2 Butternut Squash Pear...,1.69,0a56c0b69e0232b36385ae22ac97ddd88687bd38,200,4 oz,1.49
Babies,20180727,Baby Food & Formula,Happy Tot Organic Superfood Apples & Butternut Squ...,0,9bc9b88c12683af1f24e564cdad6b298f52602ee,200,4.22 oz,1.69
Babies,20180727,Baby Food & Formula,Happy Baby Organic Sweet Potato & Carrot Superfood...,0,e09da3e7428667bb271403aab1508c6c356def83,200,2.1 oz,3.29
Babies,20180727,Baby Food & Formula,"Peter Rabbit Organics Fruit Snack, 100% Pure, Orga...",0,79a9aee03b5f9962368d4243f6a7ea095ca148f0,200,4 oz,1.79
Babies,20180727,Baby Food & Formula,Plum Organics Just Mangos Stage 1 Baby Food - 3.5 ...,1.89,8fae02ffaa7ffd15f54b9b0d7974d5f1d63f05cf,200,3.5 oz,1.59
Babies,20180727,Baby Food & Formula,"Happy Tot Fiber & Protein Organic Pears, Raspberri...",0,5f76a27c2695a298a96f355b06ca443f5caee9be,200,4 oz,1.69
Babies,20180727,Baby Food & Formula,Plum Organics Just Sweet Potato Stage 1 Baby Food ...,1.89,7a6a7b301c3474fc009b52fe250f510110802c51,200,3 oz,1.59
Babies,20180727,Baby Food & Formula,Happy Baby/Family Strawberry & Beet Superfood Puff...,0,ee8ab067ed9e0d797e2078a3a9598988af62cb43,200,2.1 oz,3.29
Babies,20180727,Baby Food & Formula,Plum Baby Apple Raisin & Quinoa Stage 2 Plum Organ...,1.89,01d4e16132149a77fb834c80654be40f38a87a29,200,3.5 oz,1.59
Babies,20180727,Baby Food & Formula,Earths Best Sweet Potato and Chicken - 4.0 oz,1.29,805984993fe093eac0e820842041dcff6db68e3f,200,4.0 oz,1.19
Babies,20180727,Baby Food & Formula,Plum Organics Stage 1 Just Fruit Prunes - 3.5 oz,1.89,ee289a6837ac3e1a06b1dda4a7b5746127f40639,200,3.5 oz,1.59
Babies,20180727,Baby Food & Formula,Earth's Best Organic Stage 2 Sweet Potato Apple Ba...,1.69,ce8704af9663f5ba239339a189f26b6d2784c593,200,4.0 oz,1.49
Babies,20180727,Baby Food & Formula,Earth's Best Organic Stage 2 Prunes & Oatmeal - 4....,1.29,a23e12629360998583a154aba55c3aecdf8edb8c,200,4.0 oz,1.19
Babies,20180727,Baby Food & Formula,Earth's Best Organic Baby Food Puree Sweet Potato ...,1.69,11aed10f97f377abdac973111db171f1d9262de2,200,3.5 oz,1.49
Babies,20180727,Baby Food & Formula,Earth's Best Organic Stage 2 Squash & Sweet Peas B...,1.69,87997b593c7f1e59349e63ab6832fa91a30761ee,200,3.5 oz,1.49
Babies,20180727,Baby Food & Formula,Earth's Best Organic Stage 2 Vegetable Turkey Dinn...,1.29,01903adc17066dcfed3bf41725b2617699b16b36,200,4 oz,1.19
Babies,20180727,Baby Food & Formula,"Happy Tot Organic Superfoods Bananas, Peaches & Ma...",0,af6a69679ca8d0b4b58c92b4942b2085b7ffd1b2,200,4.22 oz,1.69
Babies,20180727,Baby Food & Formula,"Happy Tot Organics Superfoods Organic Pears, Banan...",0,8618b85261a9836da9c3e9ac8b1d266435ef4767,200,4.22 oz,1.69
Babies,20180727,Baby Food & Formula,Earth's Best Organic Cookies Oatmeal Cinnamon - 5....,0,98053fb8614ef9ba85a635f4afe5fa3b5508ccc8,200,5.3 oz,4.19
Babies,20180727,Baby Food & Formula,Earth's Best Organic Wholesome Breakfast Sweet Pot...,0,11b2e6c50053879d59ed94180ed0a3679329fdf4,200,4 oz,1.79
Babies,20180727,Baby Food & Formula,Earth's Best Organic Stage 2 Sweet Potatoes - 4 oz,1.29,5ebd3b360b1ffdd71f744aef35f19eeaa182b945,200,4 oz,1.19
Babies,20180727,Baby Food & Formula,"Peter Rabbit Organics Veg and Fruit Puree, 100%, O...",0,1e44ae7148b116d403edc0afca1e6db98620c47f,200,4.40 oz,1.79
Babies,20180727,Baby Food & Formula,Earth's Best Organic Stage 2 Winter Squash - 4 oz,1.29,13000ba2bc21e200cb9c82bc30382adf2ba66f8b,200,4 oz,1.19
Babies,20180727,Baby Food & Formula,Earth's Best Organic First Pears Stage 1 - 2.5 oz,0.99,2018cd0ebcf452935cece67c1e842364a52f8107,200,2.5 oz,0.89
Babies,20180727,Baby Food & Formula,Happy Baby/Family Mangos Organic Baby Food - 3.5 o...,0,865f14a3cb1458fc04c5e692eb1c12e1af3664a5,200,3.5 oz,1.69
Babies,20180727,Baby Food & Formula,Earth's Best Organic Stage 2 Spinach & Potato - 4....,1.29,8ed1c031ac4092bea4a23796b21d14263c0d3c10,200,4.0 oz,1.19
Babies,20180727,Baby Food & Formula,Earth's Best Organic Stage 2 Carrots - 4 oz,1.29,fdac0b7624d9430136635983798deb111891c009,200,4 oz,1.19
Babies,20180727,Baby Food & Formula,Earth's Best Organic Stage 2 Sweet Potato Garbanzo...,0,239b6a780271bc2bbe5322da1ee735b61b39eda4,200,3.5 oz,1.89
